,date,daily_active_user,monthly_active_user,pull_date
0,2023-01-01,0,0,2024-12-18
1,2023-01-02,0,0,2024-12-18
2,2023-01-03,0,0,2024-12-18
3,2023-01-04,0,0,2024-12-18
4,2023-01-05,0,0,2024-12-18
5,2023-01-06,0,0,2024-12-18
6,2023-01-07,0,0,2024-12-18
7,2023-01-08,0,0,2024-12-18
8,2023-01-09,0,0,2024-12-18
9,2023-01-10,0,0,2024-12-18
10,2023-01-11,0,0,2024-12-18
11,2023-01-12,0,0,2024-12-18
12,2023-01-13,0,0,2024-12-18
13,2023-01-14,0,0,2024-12-18
14,2023-01-15,0,0,2024-12-18
15,2023-01-16,0,0,2024-12-18
16,2023-01-17,0,0,2024-12-18
17,2023-01-18,0,0,2024-12-18
18,2023-01-19,0,0,2024-12-18
19,2023-01-20,0,0,2024-12-18
20,2023-01-21,0,0,2024-12-18
21,2023-01-22,0,0,2024-12-18
22,2023-01-23,0,0,2024-12-18
23,2023-01-24,0,0,2024-12-18
24,2023-01-25,0,0,2024-12-18
25,2023-01-26,0,0,2024-12-18
26,2023-01-27,0,0,2024-12-18
27,2023-01-28,0,0,2024-12-18
28,2023-01-29,0,0,2024-12-18
29,2023-01-30,0,0,2024-12-18
30,2023-01-31,0,0,2024-12-18
31,2023-02-01,0,0,2024-12-18
32,2023-02-02,0,0,2024-12-18
33,2023-02-03,0,0,2024-12-18
34,2023-02-04,0,0,2024-12-18
35,2023-02-05,0,0,2024-12-18
36,2023-02-06,0,0,2024-12-18
37,2023-02-07,0,0,2024-12-18
38,2023-02-08,0,0,2024-12-18
39,2023-02-09,0,0,2024-12-18
40,2023-02-10,70,70,2024-12-18
41,2023-02-11,99,165,2024-12-18
42,2023-02-12,98,260,2024-12-18
43,2023-02-13,150,405,2024-12-18
44,2023-02-14,127,518,2024-12-18
45,2023-02-15,76,577,2024-12-18
46,2023-02-16,53,618,2024-12-18
47,2023-02-17,87,695,2024-12-18
48,2023-02-18,81,768,2024-12-18
49,2023-02-19,72,836,2024-12-18
50,2023-02-20,60,882,2024-12-18
51,2023-02-21,47,922,2024-12-18
52,2023-02-22,40,948,2024-12-18
53,2023-02-23,40,978,2024-12-18
54,2023-02-24,33,998,2024-12-18
55,2023-02-25,31,1017,2024-12-18
56,2023-02-26,28,1036,2024-12-18
57,2023-02-27,37,1061,2024-12-18
58,2023-02-28,58,1105,2024-12-18
59,2023-03-01,44,1135,2024-12-18
60,2023-03-02,43,1168,2024-12-18
61,2023-03-03,45,1200,2024-12-18
62,2023-03-04,25,1215,2024-12-18
63,2023-03-05,36,1244,2024-12-18
64,2023-03-06,33,1264,2024-12-18
65,2023-03-07,40,1290,2024-12-18
66,2023-03-08,37,1314,2024-12-18
67,2023-03-09,26,1328,2024-12-18
68,2023-03-10,2,1329,2024-12-18
69,2023-03-11,1,1329,2024-12-18
70,2023-03-12,1,1274,2024-12-18
71,2023-03-13,1,1182,2024-12-18
72,2023-03-14,0,1094,2024-12-18
73,2023-03-15,1,954,2024-12-18
74,2023-03-16,1,849,2024-12-18
75,2023-03-17,1,789,2024-12-18
76,2023-03-18,0,755,2024-12-18
77,2023-03-19,0,680,2024-12-18
78,2023-03-20,0,606,2024-12-18
79,2023-03-21,0,541,2024-12-18
80,2023-03-22,0,494,2024-12-18
81,2023-03-23,0,458,2024-12-18
82,2023-03-24,1,430,2024-12-18
83,2023-03-25,0,398,2024-12-18
84,2023-03-26,0,376,2024-12-18
85,2023-03-27,0,352,2024-12-18
86,2023-03-28,0,333,2024-12-18
87,2023-03-29,0,309,2024-12-18
88,2023-03-30,0,263,2024-12-18
89,2023-03-31,0,232,2024-12-18
90,2023-04-01,1,198,2024-12-18
91,2023-04-02,0,165,2024-12-18
92,2023-04-03,0,147,2024-12-18
93,2023-04-04,0,116,2024-12-18
94,2023-04-05,0,94,2024-12-18
95,2023-04-06,0,61,2024-12-18
96,2023-04-07,0,30,2024-12-18
97,2023-04-08,1,6,2024-12-18
98,2023-04-09,0,5,2024-12-18
99,2023-04-10,0,5,2024-12-18
100,2023-04-11,0,5,2024-12-18
101,2023-04-12,0,5,2024-12-18
102,2023-04-13,0,5,2024-12-18
103,2023-04-14,0,5,2024-12-18
104,2023-04-15,1,5,2024-12-18
105,2023-04-16,0,4,2024-12-18
106,2023-04-17,0,4,2024-12-18
107,2023-04-18,0,4,2024-12-18
108,2023-04-19,0,4,2024-12-18
109,2023-04-20,0,4,2024-12-18
110,2023-04-21,0,4,2024-12-18
111,2023-04-22,1,5,2024-12-18
112,2023-04-23,0,4,2024-12-18
113,2023-04-24,0,4,2024-12-18
114,2023-04-25,0,4,2024-12-18
115,2023-04-26,0,4,2024-12-18
116,2023-04-27,0,4,2024-12-18
117,2023-04-28,0,4,2024-12-18
118,2023-04-29,1,5,2024-12-18
119,2023-04-30,0,5,2024-12-18
120,2023-05-01,0,4,2024-12-18
121,2023-05-02,0,4,2024-12-18
122,2023-05-03,0,4,2024-12-18
123,2023-05-04,0,4,2024-12-18
124,2023-05-05,0,4,2024-12-18
125,2023-05-06,0,4,2024-12-18
126,2023-05-07,2,6,2024-12-18
127,2023-05-08,0,5,2024-12-18
128,2023-05-09,0,5,2024-12-18
129,2023-05-10,0,5,2024-12-18
130,2023-05-11,0,5,2024-12-18
131,2023-05-12,0,5,2024-12-18
132,2023-05-13,0,5,2024-12-18
133,2023-05-14,1,6,2024-12-18
134,2023-05-15,0,5,2024-12-18
135,2023-05-16,0,5,2024-12-18
136,2023-05-17,0,5,2024-12-18
137,2023-05-18,0,5,2024-12-18
138,2023-05-19,0,5,2024-12-18
139,2023-05-20,0,5,2024-12-18
140,2023-05-21,0,5,2024-12-18
141,2023-05-22,0,4,2024-12-18
142,2023-05-23,1,5,2024-12-18
143,2023-05-24,0,5,2024-12-18
144,2023-05-25,0,5,2024-12-18
145,2023-05-26,0,5,2024-12-18
146,2023-05-27,0,5,2024-12-18
147,2023-05-28,0,5,2024-12-18
148,2023-05-29,0,4,2024-12-18
149,2023-05-30,0,4,2024-12-18
150,2023-05-31,0,4,2024-12-18
151,2023-06-01,1,5,2024-12-18
152,2023-06-02,0,5,2024-12-18
153,2023-06-03,0,5,2024-12-18
154,2023-06-04,0,5,2024-12-18
155,2023-06-05,0,5,2024-12-18
156,2023-06-06,0,3,2024-12-18
157,2023-06-07,0,3,2024-12-18
158,2023-06-08,1,4,2024-12-18
159,2023-06-09,0,4,2024-12-18
160,2023-06-10,0,4,2024-12-18
161,2023-06-11,0,4,2024-12-18
162,2023-06-12,0,4,2024-12-18
163,2023-06-13,0,3,2024-12-18
164,2023-06-14,0,3,2024-12-18
165,2023-06-15,3,6,2024-12-18
166,2023-06-16,1,7,2024-12-18
167,2023-06-17,2,8,2024-12-18
168,2023-06-18,1,9,2024-12-18
169,2023-06-19,3,12,2024-12-18
170,2023-06-20,0,12,2024-12-18
171,2023-06-21,2,13,2024-12-18
172,2023-06-22,5,15,2024-12-18
173,2023-06-23,1,15,2024-12-18
174,2023-06-24,1,15,2024-12-18
175,2023-06-25,1,15,2024-12-18
176,2023-06-26,1,16,2024-12-18
177,2023-06-27,4,19,2024-12-18
178,2023-06-28,0,19,2024-12-18
179,2023-06-29,3,21,2024-12-18
180,2023-06-30,0,21,2024-12-18
181,2023-07-01,0,20,2024-12-18
182,2023-07-02,0,20,2024-12-18
183,2023-07-03,5,23,2024-12-18
184,2023-07-04,4,24,2024-12-18
185,2023-07-05,2,24,2024-12-18
186,2023-07-06,6,29,2024-12-18
187,2023-07-07,0,29,2024-12-18
188,2023-07-08,0,28,2024-12-18
189,2023-07-09,0,28,2024-12-18
190,2023-07-10,1,28,2024-12-18
191,2023-07-11,1,28,2024-12-18
192,2023-07-12,3,28,2024-12-18
193,2023-07-13,3,30,2024-12-18
194,2023-07-14,1,30,2024-12-18
195,2023-07-15,0,27,2024-12-18
196,2023-07-16,0,27,2024-12-18
197,2023-07-17,2,25,2024-12-18
198,2023-07-18,3,25,2024-12-18
199,2023-07-19,0,24,2024-12-18
200,2023-07-20,8,30,2024-12-18
201,2023-07-21,2,31,2024-12-18
202,2023-07-22,0,28,2024-12-18
203,2023-07-23,0,27,2024-12-18
204,2023-07-24,0,27,2024-12-18
205,2023-07-25,1,26,2024-12-18
206,2023-07-26,2,25,2024-12-18
207,2023-07-27,3,25,2024-12-18
208,2023-07-28,6,28,2024-12-18
209,2023-07-29,1,26,2024-12-18
210,2023-07-30,0,26,2024-12-18
211,2023-07-31,2,27,2024-12-18
212,2023-08-01,0,27,2024-12-18
213,2023-08-02,2,26,2024-12-18
214,2023-08-03,1,27,2024-12-18
215,2023-08-04,1,28,2024-12-18
216,2023-08-05,0,22,2024-12-18
217,2023-08-06,0,22,2024-12-18
218,2023-08-07,1,22,2024-12-18
219,2023-08-08,1,22,2024-12-18
220,2023-08-09,0,22,2024-12-18
221,2023-08-10,3,23,2024-12-18
222,2023-08-11,4,25,2024-12-18
223,2023-08-12,0,23,2024-12-18
224,2023-08-13,0,23,2024-12-18
225,2023-08-14,1,23,2024-12-18
226,2023-08-15,4,24,2024-12-18
227,2023-08-16,2,25,2024-12-18
228,2023-08-17,0,25,2024-12-18
229,2023-08-18,11,32,2024-12-18
230,2023-08-19,1,27,2024-12-18
231,2023-08-20,0,26,2024-12-18
232,2023-08-21,2,27,2024-12-18
233,2023-08-22,9,30,2024-12-18
234,2023-08-23,4,31,2024-12-18
235,2023-08-24,1,31,2024-12-18
236,2023-08-25,5,33,2024-12-18
237,2023-08-26,0,32,2024-12-18
238,2023-08-27,1,30,2024-12-18
239,2023-08-28,6,31,2024-12-18
240,2023-08-29,1,31,2024-12-18
241,2023-08-30,1,30,2024-12-18
242,2023-08-31,4,31,2024-12-18
243,2023-09-01,6,34,2024-12-18
244,2023-09-02,4,34,2024-12-18
245,2023-09-03,2,34,2024-12-18
246,2023-09-04,3,34,2024-12-18
247,2023-09-05,3,34,2024-12-18
248,2023-09-06,2,34,2024-12-18
249,2023-09-07,3,34,2024-12-18
250,2023-09-08,6,36,2024-12-18
251,2023-09-09,0,35,2024-12-18
252,2023-09-10,2,34,2024-12-18
253,2023-09-11,6,35,2024-12-18
254,2023-09-12,3,35,2024-12-18
255,2023-09-13,0,35,2024-12-18
256,2023-09-14,3,34,2024-12-18
257,2023-09-15,5,36,2024-12-18
258,2023-09-16,0,36,2024-12-18
259,2023-09-17,1,30,2024-12-18
260,2023-09-18,11,38,2024-12-18
261,2023-09-19,10,43,2024-12-18
262,2023-09-20,3,42,2024-12-18
263,2023-09-21,5,40,2024-12-18
264,2023-09-22,5,41,2024-12-18
265,2023-09-23,3,43,2024-12-18
266,2023-09-24,0,41,2024-12-18
267,2023-09-25,5,42,2024-12-18
268,2023-09-26,6,44,2024-12-18
269,2023-09-27,7,44,2024-12-18
270,2023-09-28,0,44,2024-12-18
271,2023-09-29,2,45,2024-12-18
272,2023-09-30,2,45,2024-12-18
273,2023-10-01,0,41,2024-12-18
274,2023-10-02,4,40,2024-12-18
275,2023-10-03,6,41,2024-12-18
276,2023-10-04,3,42,2024-12-18
277,2023-10-05,2,43,2024-12-18
278,2023-10-06,1,43,2024-12-18
279,2023-10-07,1,44,2024-12-18
280,2023-10-08,1,43,2024-12-18
281,2023-10-09,4,44,2024-12-18
282,2023-10-10,4,44,2024-12-18
283,2023-10-11,8,47,2024-12-18
284,2023-10-12,14,55,2024-12-18
285,2023-10-13,15,61,2024-12-18
286,2023-10-14,1,62,2024-12-18
287,2023-10-15,1,60,2024-12-18
288,2023-10-16,0,60,2024-12-18
289,2023-10-17,10,65,2024-12-18
290,2023-10-18,1,58,2024-12-18
291,2023-10-19,5,55,2024-12-18
292,2023-10-20,6,55,2024-12-18
293,2023-10-21,5,55,2024-12-18
294,2023-10-22,3,55,2024-12-18
295,2023-10-23,3,53,2024-12-18
296,2023-10-24,6,53,2024-12-18
297,2023-10-25,6,52,2024-12-18
298,2023-10-26,4,50,2024-12-18
299,2023-10-27,5,49,2024-12-18
300,2023-10-28,0,49,2024-12-18
301,2023-10-29,0,48,2024-12-18
302,2023-10-30,5,46,2024-12-18
303,2023-10-31,6,46,2024-12-18
304,2023-11-01,5,46,2024-12-18
305,2023-11-02,7,45,2024-12-18
306,2023-11-03,7,47,2024-12-18
307,2023-11-04,0,46,2024-12-18
308,2023-11-05,0,46,2024-12-18
309,2023-11-06,8,47,2024-12-18
310,2023-11-07,5,47,2024-12-18
311,2023-11-08,0,46,2024-12-18
312,2023-11-09,0,46,2024-12-18
313,2023-11-10,0,42,2024-12-18
314,2023-11-11,0,35,2024-12-18
315,2023-11-12,0,28,2024-12-18
316,2023-11-13,2,28,2024-12-18
317,2023-11-14,0,27,2024-12-18
318,2023-11-15,1,27,2024-12-18
319,2023-11-16,1,23,2024-12-18
320,2023-11-17,0,23,2024-12-18
321,2023-11-18,0,22,2024-12-18
322,2023-11-19,0,22,2024-12-18
323,2023-11-20,0,20,2024-12-18
324,2023-11-21,1,19,2024-12-18
325,2023-11-22,0,19,2024-12-18
326,2023-11-23,0,19,2024-12-18
327,2023-11-24,0,19,2024-12-18
328,2023-11-25,0,19,2024-12-18
329,2023-11-26,0,19,2024-12-18
330,2023-11-27,0,19,2024-12-18
331,2023-11-28,0,19,2024-12-18
332,2023-11-29,0,19,2024-12-18
333,2023-11-30,0,19,2024-12-18
334,2023-12-01,0,17,2024-12-18
335,2023-12-02,0,15,2024-12-18
336,2023-12-03,0,12,2024-12-18
337,2023-12-04,0,12,2024-12-18
338,2023-12-05,0,12,2024-12-18
339,2023-12-06,43,51,2024-12-18
340,2023-12-07,102,135,2024-12-18
341,2023-12-08,84,191,2024-12-18
342,2023-12-09,70,242,2024-12-18
343,2023-12-10,61,285,2024-12-18
344,2023-12-11,80,333,2024-12-18
345,2023-12-12,91,394,2024-12-18
346,2023-12-13,100,463,2024-12-18
347,2023-12-14,90,513,2024-12-18
348,2023-12-15,69,547,2024-12-18
349,2023-12-16,68,594,2024-12-18
350,2023-12-17,61,635,2024-12-18
351,2023-12-18,104,698,2024-12-18
352,2023-12-19,90,740,2024-12-18
353,2023-12-20,87,784,2024-12-18
354,2023-12-21,78,824,2024-12-18
355,2023-12-22,92,880,2024-12-18
356,2023-12-23,58,911,2024-12-18
357,2023-12-24,55,943,2024-12-18
358,2023-12-25,66,988,2024-12-18
359,2023-12-26,61,1022,2024-12-18
360,2023-12-27,93,1075,2024-12-18
361,2023-12-28,82,1126,2024-12-18
362,2023-12-29,87,1173,2024-12-18
363,2023-12-30,78,1216,2024-12-18
364,2023-12-31,47,1247,2024-12-18
365,2024-01-01,48,1276,2024-12-18
366,2024-01-02,72,1319,2024-12-18
367,2024-01-03,103,1381,2024-12-18
368,2024-01-04,91,1435,2024-12-18
369,2024-01-05,78,1458,2024-12-18
370,2024-01-06,54,1428,2024-12-18
371,2024-01-07,66,1422,2024-12-18
372,2024-01-08,68,1414,2024-12-18
373,2024-01-09,77,1415,2024-12-18
374,2024-01-10,82,1409,2024-12-18
375,2024-01-11,94,1410,2024-12-18
376,2024-01-12,86,1403,2024-12-18
377,2024-01-13,61,1389,2024-12-18
378,2024-01-14,55,1382,2024-12-18
379,2024-01-15,93,1382,2024-12-18
380,2024-01-16,99,1397,2024-12-18
381,2024-01-17,91,1386,2024-12-18
382,2024-01-18,98,1392,2024-12-18
383,2024-01-19,96,1408,2024-12-18
384,2024-01-20,59,1397,2024-12-18
385,2024-01-21,71,1392,2024-12-18
386,2024-01-22,96,1406,2024-12-18
387,2024-01-23,105,1436,2024-12-18
388,2024-01-24,122,1477,2024-12-18
389,2024-01-25,103,1497,2024-12-18
390,2024-01-26,95,1495,2024-12-18
391,2024-01-27,63,1485,2024-12-18
392,2024-01-28,75,1479,2024-12-18
393,2024-01-29,115,1496,2024-12-18
394,2024-01-30,118,1533,2024-12-18
395,2024-01-31,102,1551,2024-12-18
396,2024-02-01,85,1549,2024-12-18
397,2024-02-02,80,1536,2024-12-18
398,2024-02-03,64,1527,2024-12-18
399,2024-02-04,66,1529,2024-12-18
400,2024-02-05,71,1526,2024-12-18
401,2024-02-06,94,1537,2024-12-18
402,2024-02-07,86,1549,2024-12-18
403,2024-02-08,59,1548,2024-12-18
404,2024-02-09,67,1536,2024-12-18
405,2024-02-10,69,1533,2024-12-18
406,2024-02-11,69,1526,2024-12-18
407,2024-02-12,90,1547,2024-12-18
408,2024-02-13,100,1568,2024-12-18
409,2024-02-14,64,1560,2024-12-18
410,2024-02-15,90,1564,2024-12-18
411,2024-02-16,80,1559,2024-12-18
412,2024-02-17,76,1552,2024-12-18
413,2024-02-18,66,1539,2024-12-18
414,2024-02-19,86,1546,2024-12-18
415,2024-02-20,74,1533,2024-12-18
416,2024-02-21,87,1528,2024-12-18
417,2024-02-22,94,1522,2024-12-18
418,2024-02-23,76,1491,2024-12-18
419,2024-02-24,50,1462,2024-12-18
420,2024-02-25,51,1432,2024-12-18
421,2024-02-26,74,1424,2024-12-18
422,2024-02-27,16,1433,2024-12-18
423,2024-02-28,111,1453,2024-12-18
424,2024-02-29,86,1449,2024-12-18
425,2024-03-01,104,1512,2024-12-18
426,2024-03-02,82,1529,2024-12-18
427,2024-03-03,68,1530,2024-12-18
428,2024-03-04,127,1580,2024-12-18
429,2024-03-05,107,1608,2024-12-18
430,2024-03-06,129,1662,2024-12-18
431,2024-03-07,134,1711,2024-12-18
432,2024-03-08,126,1750,2024-12-18
433,2024-03-09,114,1805,2024-12-18
434,2024-03-10,96,1846,2024-12-18
435,2024-03-11,40,1821,2024-12-18
436,2024-03-12,59,1811,2024-12-18
437,2024-03-13,76,1802,2024-12-18
438,2024-03-14,73,1784,2024-12-18
439,2024-03-15,70,1780,2024-12-18
440,2024-03-16,51,1763,2024-12-18
441,2024-03-17,55,1757,2024-12-18
442,2024-03-18,83,1752,2024-12-18
443,2024-03-19,93,1769,2024-12-18
444,2024-03-20,80,1766,2024-12-18
445,2024-03-21,69,1764,2024-12-18
446,2024-03-22,71,1759,2024-12-18
447,2024-03-23,53,1743,2024-12-18
448,2024-03-24,46,1740,2024-12-18
449,2024-03-25,75,1746,2024-12-18
450,2024-03-26,79,1760,2024-12-18
451,2024-03-27,58,1759,2024-12-18
452,2024-03-28,51,1698,2024-12-18
453,2024-03-29,35,1645,2024-12-18
454,2024-03-30,51,1585,2024-12-18
455,2024-03-31,55,1546,2024-12-18
456,2024-04-01,55,1512,2024-12-18
457,2024-04-02,90,1516,2024-12-18
458,2024-04-03,62,1461,2024-12-18
459,2024-04-04,58,1429,2024-12-18
460,2024-04-05,53,1361,2024-12-18
461,2024-04-06,38,1290,2024-12-18
462,2024-04-07,37,1227,2024-12-18
463,2024-04-08,38,1148,2024-12-18
464,2024-04-09,38,1089,2024-12-18
465,2024-04-10,21,1079,2024-12-18
466,2024-04-11,40,1075,2024-12-18
467,2024-04-12,35,1064,2024-12-18
468,2024-04-13,39,1052,2024-12-18
469,2024-04-14,47,1036,2024-12-18
470,2024-04-15,51,1030,2024-12-18
471,2024-04-16,72,1031,2024-12-18
472,2024-04-17,67,1026,2024-12-18
473,2024-04-18,87,1032,2024-12-18
474,2024-04-19,79,1032,2024-12-18
475,2024-04-20,55,1027,2024-12-18
476,2024-04-21,39,1013,2024-12-18
477,2024-04-22,75,1024,2024-12-18
478,2024-04-23,88,1037,2024-12-18
479,2024-04-24,85,1054,2024-12-18
480,2024-04-25,122,1104,2024-12-18
481,2024-04-26,117,1153,2024-12-18
482,2024-04-27,83,1187,2024-12-18
483,2024-04-28,74,1225,2024-12-18
484,2024-04-29,79,1244,2024-12-18
485,2024-04-30,109,1271,2024-12-18
486,2024-05-01,79,1300,2024-12-18
487,2024-05-02,94,1323,2024-12-18
488,2024-05-03,85,1335,2024-12-18
489,2024-05-04,80,1362,2024-12-18
490,2024-05-05,57,1375,2024-12-18
491,2024-05-06,62,1385,2024-12-18
492,2024-05-07,88,1413,2024-12-18
493,2024-05-08,69,1430,2024-12-18
494,2024-05-09,78,1470,2024-12-18
495,2024-05-10,72,1504,2024-12-18
496,2024-05-11,61,1526,2024-12-18
497,2024-05-12,46,1538,2024-12-18
498,2024-05-13,56,1551,2024-12-18
499,2024-05-14,98,1583,2024-12-18
500,2024-05-15,74,1602,2024-12-18
501,2024-05-16,91,1616,2024-12-18
502,2024-05-17,90,1634,2024-12-18
503,2024-05-18,67,1633,2024-12-18
504,2024-05-19,77,1657,2024-12-18
505,2024-05-20,75,1661,2024-12-18
506,2024-05-21,85,1691,2024-12-18
507,2024-05-22,87,1711,2024-12-18
508,2024-05-23,81,1725,2024-12-18
509,2024-05-24,76,1718,2024-12-18
510,2024-05-25,72,1684,2024-12-18
511,2024-05-26,44,1635,2024-12-18
512,2024-05-27,84,1636,2024-12-18
513,2024-05-28,103,1641,2024-12-18
514,2024-05-29,113,1675,2024-12-18
515,2024-05-30,73,1656,2024-12-18
516,2024-05-31,73,1645,2024-12-18
517,2024-06-01,80,1641,2024-12-18
518,2024-06-02,81,1650,2024-12-18
519,2024-06-03,98,1660,2024-12-18
520,2024-06-04,104,1688,2024-12-18
521,2024-06-05,104,1719,2024-12-18
522,2024-06-06,99,1742,2024-12-18
523,2024-06-07,128,1794,2024-12-18
524,2024-06-08,108,1810,2024-12-18
525,2024-06-09,80,1815,2024-12-18
526,2024-06-10,110,1839,2024-12-18
527,2024-06-11,119,1887,2024-12-18
528,2024-06-12,121,1930,2024-12-18
529,2024-06-13,126,1949,2024-12-18
530,2024-06-14,102,1959,2024-12-18
531,2024-06-15,90,1957,2024-12-18
532,2024-06-16,98,1967,2024-12-18
533,2024-06-17,88,1988,2024-12-18
534,2024-06-18,110,2005,2024-12-18
535,2024-06-19,114,2032,2024-12-18
536,2024-06-20,111,2045,2024-12-18
537,2024-06-21,116,2047,2024-12-18
538,2024-06-22,109,2076,2024-12-18
539,2024-06-23,87,2079,2024-12-18
540,2024-06-24,119,2088,2024-12-18
541,2024-06-25,105,2125,2024-12-18
542,2024-06-26,116,2144,2024-12-18
543,2024-06-27,141,2163,2024-12-18
544,2024-06-28,116,2145,2024-12-18
545,2024-06-29,111,2170,2024-12-18
546,2024-06-30,100,2191,2024-12-18
547,2024-07-01,130,2220,2024-12-18
548,2024-07-02,116,2223,2024-12-18
549,2024-07-03,114,2226,2024-12-18
550,2024-07-04,123,2233,2024-12-18
551,2024-07-05,116,2241,2024-12-18
552,2024-07-06,91,2225,2024-12-18
553,2024-07-07,84,2206,2024-12-18
554,2024-07-08,108,2206,2024-12-18
555,2024-07-09,132,2236,2024-12-18
556,2024-07-10,109,2241,2024-12-18
557,2024-07-11,129,2246,2024-12-18
558,2024-07-12,120,2256,2024-12-18
559,2024-07-13,110,2243,2024-12-18
560,2024-07-14,93,2239,2024-12-18
561,2024-07-15,114,2251,2024-12-18
562,2024-07-16,173,2310,2024-12-18
563,2024-07-17,151,2354,2024-12-18
564,2024-07-18,129,2369,2024-12-18
565,2024-07-19,133,2390,2024-12-18
566,2024-07-20,102,2391,2024-12-18
567,2024-07-21,77,2380,2024-12-18
568,2024-07-22,116,2385,2024-12-18
569,2024-07-23,174,2458,2024-12-18
570,2024-07-24,187,2516,2024-12-18
571,2024-07-25,159,2549,2024-12-18
572,2024-07-26,137,2568,2024-12-18
573,2024-07-27,99,2546,2024-12-18
574,2024-07-28,84,2540,2024-12-18
575,2024-07-29,161,2581,2024-12-18
576,2024-07-30,203,2643,2024-12-18
577,2024-07-31,183,2675,2024-12-18
578,2024-08-01,170,2723,2024-12-18
579,2024-08-02,147,2747,2024-12-18
580,2024-08-03,109,2744,2024-12-18
581,2024-08-04,115,2753,2024-12-18
582,2024-08-05,130,2767,2024-12-18
583,2024-08-06,159,2803,2024-12-18
584,2024-08-07,166,2835,2024-12-18
585,2024-08-08,143,2831,2024-12-18
586,2024-08-09,121,2833,2024-12-18
587,2024-08-10,109,2834,2024-12-18
588,2024-08-11,101,2832,2024-12-18
589,2024-08-12,163,2875,2024-12-18
590,2024-08-13,156,2897,2024-12-18
591,2024-08-14,145,2924,2024-12-18
592,2024-08-15,160,2893,2024-12-18
593,2024-08-16,128,2876,2024-12-18
594,2024-08-17,102,2862,2024-12-18
595,2024-08-18,112,2851,2024-12-18
596,2024-08-19,153,2860,2024-12-18
597,2024-08-20,182,2923,2024-12-18
598,2024-08-21,158,2940,2024-12-18
599,2024-08-22,178,2919,2024-12-18
600,2024-08-23,178,2931,2024-12-18
601,2024-08-24,132,2930,2024-12-18
602,2024-08-25,119,2919,2024-12-18
603,2024-08-26,146,2943,2024-12-18
604,2024-08-27,198,3003,2024-12-18
605,2024-08-28,202,3026,2024-12-18
606,2024-08-29,188,3017,2024-12-18
607,2024-08-30,153,2986,2024-12-18
608,2024-08-31,122,2961,2024-12-18
609,2024-09-01,129,2960,2024-12-18
610,2024-09-02,166,2998,2024-12-18
611,2024-09-03,169,3022,2024-12-18
612,2024-09-04,220,3093,2024-12-18
613,2024-09-05,182,3119,2024-12-18
614,2024-09-06,175,3128,2024-12-18
615,2024-09-07,119,3131,2024-12-18
616,2024-09-08,132,3155,2024-12-18
617,2024-09-09,168,3186,2024-12-18
618,2024-09-10,190,3228,2024-12-18
619,2024-09-11,174,3230,2024-12-18
620,2024-09-12,183,3263,2024-12-18
621,2024-09-13,175,3301,2024-12-18
622,2024-09-14,143,3310,2024-12-18
623,2024-09-15,141,3327,2024-12-18
624,2024-09-16,131,3361,2024-12-18
625,2024-09-17,209,3400,2024-12-18
626,2024-09-18,186,3414,2024-12-18
627,2024-09-19,177,3421,2024-12-18
628,2024-09-20,172,3445,2024-12-18
629,2024-09-21,131,3427,2024-12-18
630,2024-09-22,126,3404,2024-12-18
631,2024-09-23,119,3389,2024-12-18
632,2024-09-24,189,3435,2024-12-18
633,2024-09-25,155,3442,2024-12-18
634,2024-09-26,159,3419,2024-12-18
635,2024-09-27,132,3367,2024-12-18
636,2024-09-28,100,3324,2024-12-18
637,2024-09-29,106,3299,2024-12-18
638,2024-09-30,167,3344,2024-12-18
639,2024-10-01,151,3352,2024-12-18
640,2024-10-02,138,3330,2024-12-18
641,2024-10-03,146,3325,2024-12-18
642,2024-10-04,163,3311,2024-12-18
643,2024-10-05,140,3299,2024-12-18
644,2024-10-06,95,3256,2024-12-18
645,2024-10-07,152,3289,2024-12-18
646,2024-10-08,223,3355,2024-12-18
647,2024-10-09,206,3383,2024-12-18
648,2024-10-10,185,3387,2024-12-18
649,2024-10-11,155,3388,2024-12-18
650,2024-10-12,150,3392,2024-12-18
651,2024-10-13,146,3381,2024-12-18
652,2024-10-14,180,3404,2024-12-18
653,2024-10-15,204,3422,2024-12-18
654,2024-10-16,193,3445,2024-12-18
655,2024-10-17,185,3446,2024-12-18
656,2024-10-18,172,3457,2024-12-18
657,2024-10-19,106,3415,2024-12-18
658,2024-10-20,128,3398,2024-12-18
659,2024-10-21,171,3416,2024-12-18
660,2024-10-22,194,3440,2024-12-18
661,2024-10-23,224,3515,2024-12-18
662,2024-10-24,219,3530,2024-12-18
663,2024-10-25,160,3543,2024-12-18
664,2024-10-26,134,3537,2024-12-18
665,2024-10-27,114,3529,2024-12-18
666,2024-10-28,149,3544,2024-12-18
667,2024-10-29,189,3587,2024-12-18
668,2024-10-30,184,3552,2024-12-18
669,2024-10-31,197,3574,2024-12-18
670,2024-11-01,121,3550,2024-12-18
671,2024-11-02,95,3509,2024-12-18
672,2024-11-03,106,3467,2024-12-18
673,2024-11-04,139,3438,2024-12-18
674,2024-11-05,138,3436,2024-12-18
675,2024-11-06,161,3428,2024-12-18
676,2024-11-07,148,3368,2024-12-18
677,2024-11-08,128,3306,2024-12-18
678,2024-11-09,99,3234,2024-12-18
679,2024-11-10,100,3189,2024-12-18
680,2024-11-11,129,3161,2024-12-18
681,2024-11-12,146,3139,2024-12-18
682,2024-11-13,125,3094,2024-12-18
683,2024-11-14,140,3033,2024-12-18
684,2024-11-15,140,2999,2024-12-18
685,2024-11-16,84,2923,2024-12-18
686,2024-11-17,87,2863,2024-12-18
687,2024-11-18,99,2839,2024-12-18
688,2024-11-19,124,2802,2024-12-18
689,2024-11-20,113,2749,2024-12-18
690,2024-11-21,89,2670,2024-12-18
691,2024-11-22,97,2590,2024-12-18
692,2024-11-23,56,2489,2024-12-18
693,2024-11-24,72,2425,2024-12-18
694,2024-11-25,86,2382,2024-12-18
695,2024-11-26,109,2361,2024-12-18
696,2024-11-27,52,2293,2024-12-18
697,2024-11-28,94,2230,2024-12-18
698,2024-11-29,77,2166,2024-12-18
699,2024-11-30,79,2085,2024-12-18
700,2024-12-01,60,2051,2024-12-18
701,2024-12-02,91,2044,2024-12-18
702,2024-12-03,99,2022,2024-12-18
703,2024-12-04,76,1980,2024-12-18
704,2024-12-05,95,1953,2024-12-18
705,2024-12-06,79,1909,2024-12-18
706,2024-12-07,66,1854,2024-12-18
707,2024-12-08,54,1810,2024-12-18
708,2024-12-09,81,1779,2024-12-18
709,2024-12-10,78,1749,2024-12-18
710,2024-12-11,84,1707,2024-12-18
