,Date,Store listing visitors: All traffic sources,Store listing visitors: Ads and referrals,Store listing visitors: Google Play explore,Store listing visitors: Google Play search,Store listing acquisitions: All traffic sources,Store listing acquisitions: Ads and referrals,Store listing acquisitions: Google Play explore,Store listing acquisitions: Google Play search,Store listing conversion rate: All traffic sources,Store listing conversion rate: Peers' median (All traffic sources),Store listing conversion rate: 25th percentile (All traffic sources),Store listing conversion rate: 75th percentile (All traffic sources),Store listing conversion rate: Ads and referrals,Store listing conversion rate: Google Play explore,Store listing conversion rate: Google Play search,Notes,pull_date
0,25 Oct 2022,0,0,0,0,0,0,0,0,0%,-,-,-,0%,0%,0%,Roll-out of release: Started roll-out of 3 (0.9.5) at 100%.,2024-12-18
1,26 Oct 2022,0,0,0,0,0,0,0,0,0%,41.62%,30%,52.85%,0%,0%,0%,Roll-out of release: Started roll-out of 4 (0.9.6) at 100%.,2024-12-18
2,27 Oct 2022,0,0,0,0,0,0,0,0,0%,41.67%,30.27%,53%,0%,0%,0%,,2024-12-18
3,28 Oct 2022,0,0,0,0,0,0,0,0,0%,41.30%,30.12%,52.78%,0%,0%,0%,,2024-12-18
4,29 Oct 2022,5,0,0,5,2,0,0,2,40%,41.27%,29.88%,52.74%,0%,0%,40%,,2024-12-18
5,30 Oct 2022,"1,035",439,10,586,882,351,2,529,85.22%,41.41%,30.33%,52.99%,79.95%,20%,90.27%,,2024-12-18
6,31 Oct 2022,"1,093",289,16,788,924,223,9,692,84.54%,41.67%,30.43%,53.01%,77.16%,56.25%,87.82%,,2024-12-18
7,1 Nov 2022,629,166,19,444,514,127,4,383,81.72%,42.05%,30.77%,53.42%,76.51%,21.05%,86.26%,,2024-12-18
8,2 Nov 2022,321,92,6,223,244,66,0,178,76.01%,41.67%,30.56%,53.03%,71.74%,0%,79.82%,,2024-12-18
9,3 Nov 2022,275,71,8,196,208,47,1,160,75.64%,41.67%,30.63%,53.10%,66.20%,12.50%,81.63%,Roll-out of release: Started roll-out of 5 (0.9.7) at 100%.,2024-12-18
10,4 Nov 2022,289,48,5,236,236,33,2,201,81.66%,41.28%,30.07%,52.69%,68.75%,40%,85.17%,,2024-12-18
11,5 Nov 2022,456,268,5,183,203,43,2,158,44.52%,40.98%,29.73%,52.13%,16.04%,40%,86.34%,,2024-12-18
12,6 Nov 2022,317,86,6,225,240,51,4,185,75.71%,41.67%,30.30%,52.73%,59.30%,66.67%,82.22%,Roll-out of release: Started roll-out of 7 (0.9.9) at 100%.,2024-12-18
13,7 Nov 2022,246,100,6,140,176,65,1,110,71.54%,41.96%,30.56%,53.21%,65%,16.67%,78.57%,,2024-12-18
14,8 Nov 2022,208,50,3,155,159,24,0,135,76.44%,41.86%,30.74%,53.33%,48%,0%,87.10%,,2024-12-18
15,9 Nov 2022,180,49,1,130,136,31,0,105,75.56%,41.90%,30.70%,53.33%,63.27%,0%,80.77%,,2024-12-18
16,10 Nov 2022,106,19,2,85,76,11,1,64,71.70%,41.67%,30.43%,53.06%,57.89%,50%,75.29%,,2024-12-18
17,11 Nov 2022,143,41,1,101,111,29,0,82,77.62%,41.51%,30.12%,52.63%,70.73%,0%,81.19%,,2024-12-18
18,12 Nov 2022,170,45,0,125,132,33,0,99,77.65%,41.12%,30.39%,52.51%,73.33%,0%,79.20%,,2024-12-18
19,13 Nov 2022,157,29,2,126,121,20,0,101,77.07%,41.81%,30.65%,52.77%,68.97%,0%,80.16%,,2024-12-18
20,14 Nov 2022,148,25,5,118,115,17,2,96,77.70%,41.98%,30.86%,53.44%,68%,40%,81.36%,Roll-out of release: Started roll-out of 8 (0.9.10) at 100%.,2024-12-18
21,15 Nov 2022,155,49,3,103,120,40,1,79,77.42%,41.73%,30.97%,53.09%,81.63%,33.33%,76.70%,Roll-out of release: Started roll-out of 9 (0.9.10) at 100%. Roll-out of release: Started roll-out of 10 (0.9.10) at 100%.,2024-12-18
22,16 Nov 2022,120,30,0,90,96,26,0,70,80%,41.86%,30.70%,53.33%,86.67%,0%,77.78%,,2024-12-18
23,17 Nov 2022,64,16,1,47,51,12,0,39,79.69%,41.88%,30.77%,53.10%,75%,0%,82.98%,,2024-12-18
24,18 Nov 2022,104,26,4,74,63,14,2,47,60.58%,41.67%,30.51%,52.94%,53.85%,50%,63.51%,,2024-12-18
25,19 Nov 2022,305,246,3,56,64,17,0,47,20.98%,41.24%,30.16%,52.63%,6.91%,0%,83.93%,Roll-out of release: Started roll-out of 11 (0.9.11) at 100%.,2024-12-18
26,20 Nov 2022,733,679,3,51,205,167,0,38,27.97%,42.09%,30.61%,53.18%,24.59%,0%,74.51%,,2024-12-18
27,21 Nov 2022,487,283,9,195,125,73,0,52,25.67%,41.94%,30.84%,53%,25.80%,0%,26.67%,,2024-12-18
28,22 Nov 2022,66,12,3,51,48,9,0,39,72.73%,41.89%,30.80%,53.27%,75%,0%,76.47%,Roll-out of release: Started roll-out of 12 (0.9.12) at 100%.,2024-12-18
29,23 Nov 2022,45,6,0,39,35,4,0,31,77.78%,41.85%,30.77%,53.10%,66.67%,0%,79.49%,,2024-12-18
30,24 Nov 2022,86,29,3,54,65,23,1,41,75.58%,41.50%,30.43%,52.94%,79.31%,33.33%,75.93%,,2024-12-18
31,25 Nov 2022,72,21,0,51,53,16,0,37,73.61%,41.43%,30.26%,52.68%,76.19%,0%,72.55%,,2024-12-18
32,26 Nov 2022,68,25,3,40,38,10,1,27,55.88%,41.03%,30%,52.17%,40%,33.33%,67.50%,,2024-12-18
33,27 Nov 2022,37,8,0,29,29,8,0,21,78.38%,41.82%,30.56%,52.94%,100%,0%,72.41%,,2024-12-18
34,28 Nov 2022,65,23,1,41,48,17,0,31,73.85%,42.11%,31.02%,53.01%,73.91%,0%,75.61%,,2024-12-18
35,29 Nov 2022,69,33,0,36,31,9,0,22,44.93%,41.87%,30.82%,53.10%,27.27%,0%,61.11%,,2024-12-18
36,30 Nov 2022,117,23,2,92,86,20,2,64,73.50%,41.94%,30.77%,53.08%,86.96%,100%,69.57%,,2024-12-18
37,1 Dec 2022,74,12,2,60,49,8,0,41,66.22%,41.24%,30%,52.94%,66.67%,0%,68.33%,Roll-out of release: Started roll-out of 13 (0.9.13) at 100%.,2024-12-18
38,2 Dec 2022,79,19,2,58,51,13,0,38,64.56%,41.40%,30.23%,52.44%,68.42%,0%,65.52%,,2024-12-18
39,3 Dec 2022,70,18,0,52,44,15,0,29,62.86%,40.86%,29.63%,52.27%,83.33%,0%,55.77%,,2024-12-18
40,4 Dec 2022,58,10,0,48,40,10,0,30,68.97%,41.80%,30.64%,52.86%,100%,0%,62.50%,,2024-12-18
41,5 Dec 2022,66,14,1,51,45,11,0,34,68.18%,41.66%,30.50%,52.71%,78.57%,0%,66.67%,,2024-12-18
42,6 Dec 2022,79,24,2,53,50,20,0,30,63.29%,41.78%,30.77%,53%,83.33%,0%,56.60%,,2024-12-18
43,7 Dec 2022,315,202,3,110,234,169,0,65,74.29%,41.67%,30.40%,52.93%,83.66%,0%,59.09%,,2024-12-18
44,8 Dec 2022,346,246,3,97,259,195,0,64,74.86%,41.58%,30.41%,53%,79.27%,0%,65.98%,,2024-12-18
45,9 Dec 2022,366,261,3,102,266,198,0,68,72.68%,40.85%,29.63%,52%,75.86%,0%,66.67%,,2024-12-18
46,10 Dec 2022,143,83,0,60,90,54,0,36,62.94%,40.73%,29.49%,52.04%,65.06%,0%,60%,,2024-12-18
47,11 Dec 2022,254,103,3,148,197,81,0,116,77.56%,41.92%,30.65%,52.95%,78.64%,0%,78.38%,,2024-12-18
48,12 Dec 2022,550,428,6,116,331,254,1,76,60.18%,41.73%,30.38%,52.77%,59.35%,16.67%,65.52%,,2024-12-18
49,13 Dec 2022,"1,682","1,281",21,380,328,292,3,33,19.50%,41.67%,30.52%,53.19%,22.79%,14.29%,8.68%,,2024-12-18
50,14 Dec 2022,879,645,7,227,178,147,0,31,20.25%,41.63%,30.43%,52.87%,22.79%,0%,13.66%,,2024-12-18
51,15 Dec 2022,"1,373","1,007",32,334,263,235,5,23,19.16%,41.41%,30.34%,52.83%,23.34%,15.63%,6.89%,Roll-out of release: Started roll-out of 14 (0.9.14) at 100%.,2024-12-18
52,16 Dec 2022,487,328,11,148,128,79,3,46,26.28%,40.87%,29.63%,52.27%,24.09%,27.27%,31.08%,,2024-12-18
53,17 Dec 2022,95,27,3,65,30,9,0,21,31.58%,41.18%,29.68%,52.38%,33.33%,0%,32.31%,,2024-12-18
54,18 Dec 2022,118,65,3,50,27,11,0,16,22.88%,41.67%,30.45%,52.98%,16.92%,0%,32%,,2024-12-18
55,19 Dec 2022,152,73,3,76,66,29,0,37,43.42%,41.79%,30.36%,52.94%,39.73%,0%,48.68%,,2024-12-18
56,20 Dec 2022,68,20,3,45,24,9,1,14,35.29%,41.67%,30.52%,52.88%,45%,33.33%,31.11%,,2024-12-18
57,21 Dec 2022,87,40,3,44,31,13,1,17,35.63%,41.67%,30.06%,52.98%,32.50%,33.33%,38.64%,,2024-12-18
58,22 Dec 2022,97,29,6,62,47,12,0,35,48.45%,41.44%,30%,52.63%,41.38%,0%,56.45%,,2024-12-18
59,23 Dec 2022,75,10,4,61,47,8,0,39,62.67%,41.04%,29.83%,52.50%,80%,0%,63.93%,,2024-12-18
60,24 Dec 2022,41,7,1,33,30,5,0,25,73.17%,41.01%,29.45%,52.59%,71.43%,0%,75.76%,,2024-12-18
61,25 Dec 2022,92,4,7,81,31,1,1,29,33.70%,41.27%,29.88%,52.66%,25%,14.29%,35.80%,,2024-12-18
62,26 Dec 2022,188,9,4,175,56,6,1,49,29.79%,41.34%,30.37%,52.50%,66.67%,25%,28%,,2024-12-18
63,27 Dec 2022,165,8,5,152,51,2,1,48,30.91%,41.46%,30.15%,52.63%,25%,20%,31.58%,,2024-12-18
64,28 Dec 2022,156,6,11,139,35,2,1,32,22.44%,41.67%,30.21%,52.78%,33.33%,9.09%,23.02%,,2024-12-18
65,29 Dec 2022,137,8,3,126,29,3,0,26,21.17%,41.44%,30%,52.63%,37.50%,0%,20.63%,Roll-out of release: Started roll-out of 15 (0.9.15) at 100%.,2024-12-18
66,30 Dec 2022,148,6,1,141,53,4,1,48,35.81%,41.18%,29.75%,52.46%,66.67%,100%,34.04%,,2024-12-18
67,31 Dec 2022,103,3,3,97,24,3,0,21,23.30%,41.44%,29.73%,53.33%,100%,0%,21.65%,,2024-12-18
68,1 Jan 2023,134,7,8,119,40,3,0,37,29.85%,41.58%,30.03%,52.72%,42.86%,0%,31.09%,,2024-12-18
69,2 Jan 2023,"2,155","2,023",7,125,81,49,0,32,3.76%,41.79%,30.47%,53%,2.42%,0%,25.60%,,2024-12-18
70,3 Jan 2023,"1,121",494,39,588,113,74,2,37,10.08%,41.90%,30.51%,53.47%,14.98%,5.13%,6.29%,,2024-12-18
71,4 Jan 2023,"1,702","1,134",30,538,155,120,2,33,9.11%,42.17%,30.92%,53.58%,10.58%,6.67%,6.13%,,2024-12-18
72,5 Jan 2023,"2,727","1,809",33,885,253,191,6,56,9.28%,41.98%,30.42%,53.33%,10.56%,18.18%,6.33%,Roll-out of release: Started roll-out of 16 (0.9.16) at 100%.,2024-12-18
73,6 Jan 2023,"3,326","2,662",29,635,142,115,1,26,4.27%,41.72%,30.49%,53.25%,4.32%,3.45%,4.09%,Roll-out of release: Started roll-out of 17 (0.9.17) at 100%.,2024-12-18
74,7 Jan 2023,"4,639","4,003",24,612,193,162,1,30,4.16%,41.67%,30.56%,52.94%,4.05%,4.17%,4.90%,,2024-12-18
75,8 Jan 2023,"4,700","4,191",17,492,165,145,1,19,3.51%,42.34%,30.85%,53.47%,3.46%,5.88%,3.86%,,2024-12-18
76,9 Jan 2023,"7,685","6,722",47,916,327,295,2,30,4.26%,41.94%,30.77%,53.33%,4.39%,4.26%,3.28%,,2024-12-18
77,10 Jan 2023,"9,730","8,263",63,"1,404",424,396,2,26,4.36%,42.08%,31.01%,53.57%,4.79%,3.17%,1.85%,,2024-12-18
78,11 Jan 2023,"6,134","4,076",65,"1,993",742,698,3,41,12.10%,42.06%,30.65%,53.33%,17.12%,4.62%,2.06%,Roll-out of release: Started roll-out of 19 (0.9.19) at 100%. Roll-out of release: Started roll-out of 20 (0.9.20) at 100%.,2024-12-18
79,12 Jan 2023,"6,867","5,038",60,"1,769",710,679,3,28,10.34%,41.86%,30.45%,53.33%,13.48%,5%,1.58%,,2024-12-18
80,13 Jan 2023,"7,944","6,717",59,"1,168",744,695,5,44,9.37%,41.12%,29.89%,52.30%,10.35%,8.47%,3.77%,,2024-12-18
81,14 Jan 2023,"6,046","4,546",54,"1,446",930,881,7,42,15.38%,41.31%,29.75%,52.54%,19.38%,12.96%,2.90%,,2024-12-18
82,15 Jan 2023,"4,836","3,465",43,"1,328",739,690,11,38,15.28%,42.01%,30.49%,53.49%,19.91%,25.58%,2.86%,,2024-12-18
83,16 Jan 2023,"1,641","1,325",26,290,231,200,2,29,14.08%,41.86%,30.56%,53.27%,15.09%,7.69%,10%,,2024-12-18
84,17 Jan 2023,"1,940","1,571",13,356,297,269,4,24,15.31%,42.27%,31.07%,53.66%,17.12%,30.77%,6.74%,,2024-12-18
85,18 Jan 2023,552,465,6,81,25,5,0,20,4.53%,42.38%,31.11%,53.71%,1.08%,0%,24.69%,,2024-12-18
86,19 Jan 2023,530,435,5,90,34,6,0,28,6.42%,42.31%,30.91%,53.58%,1.38%,0%,31.11%,,2024-12-18
87,20 Jan 2023,543,412,6,125,46,5,1,40,8.47%,41.83%,30.56%,52.96%,1.21%,16.67%,32%,,2024-12-18
88,21 Jan 2023,563,476,4,83,40,7,1,32,7.10%,41.67%,30.18%,53.01%,1.47%,25%,38.55%,,2024-12-18
89,22 Jan 2023,"5,514","4,303",31,"1,180",975,921,7,47,17.68%,42.42%,31.25%,53.51%,21.40%,22.58%,3.98%,,2024-12-18
90,23 Jan 2023,"2,206","1,849",10,347,356,329,5,22,16.14%,42.47%,31.25%,53.85%,17.79%,50%,6.34%,,2024-12-18
91,24 Jan 2023,"2,209","1,859",11,339,331,311,1,19,14.98%,42.35%,31.25%,53.91%,16.73%,9.09%,5.60%,,2024-12-18
92,25 Jan 2023,"1,902","1,652",10,240,219,199,0,20,11.51%,42.86%,31.35%,54.27%,12.05%,0%,8.33%,,2024-12-18
93,26 Jan 2023,"1,553","1,436",12,105,167,147,1,19,10.75%,42.74%,31.47%,54.01%,10.24%,8.33%,18.10%,,2024-12-18
94,27 Jan 2023,"1,652","1,532",8,112,194,179,1,14,11.74%,42.37%,31.03%,53.65%,11.68%,12.50%,12.50%,Roll-out of release: Started roll-out of 22 (0.9.22) at 100%.,2024-12-18
95,28 Jan 2023,"1,625","1,501",17,107,191,171,1,19,11.75%,42.11%,30.98%,53.57%,11.39%,5.88%,17.76%,,2024-12-18
96,29 Jan 2023,"1,663","1,522",12,129,199,175,1,23,11.97%,42.86%,31.58%,54.21%,11.50%,8.33%,17.83%,,2024-12-18
97,30 Jan 2023,"1,598","1,491",11,96,196,171,2,23,12.27%,42.86%,31.58%,54.13%,11.47%,18.18%,23.96%,Roll-out of release: Started roll-out of 24 (0.9.24) at 100%.,2024-12-18
98,31 Jan 2023,"1,277","1,162",9,106,157,146,1,10,12.29%,42.86%,31.35%,54.16%,12.56%,11.11%,9.43%,,2024-12-18
99,1 Feb 2023,"1,327","1,189",5,133,175,153,1,21,13.19%,42.64%,31.62%,54.21%,12.87%,20%,15.79%,Roll-out of release: Started roll-out of 25 (0.9.24) at 100%.,2024-12-18
100,2 Feb 2023,"1,847","1,448",12,387,231,215,1,15,12.51%,42.86%,31.35%,54.16%,14.85%,8.33%,3.88%,,2024-12-18
101,3 Feb 2023,"2,444","1,481",11,952,217,187,7,23,8.88%,42.86%,31.46%,54.17%,12.63%,63.64%,2.42%,,2024-12-18
102,4 Feb 2023,"2,670","1,465",19,"1,186",185,173,2,10,6.93%,41.94%,30.77%,53.33%,11.81%,10.53%,0.84%,,2024-12-18
103,5 Feb 2023,"2,385","1,291",11,"1,083",179,172,0,7,7.51%,42.80%,31.25%,53.90%,13.32%,0%,0.65%,,2024-12-18
104,6 Feb 2023,"2,962","1,390",13,"1,559",208,195,0,13,7.02%,42.86%,31.54%,54.48%,14.03%,0%,0.83%,,2024-12-18
105,7 Feb 2023,"2,117","1,313",5,799,179,170,2,7,8.46%,42.86%,31.52%,54.10%,12.95%,40%,0.88%,,2024-12-18
106,8 Feb 2023,"2,079","1,371",7,701,184,164,3,17,8.85%,42.86%,31.51%,54.26%,11.96%,42.86%,2.43%,,2024-12-18
107,9 Feb 2023,"1,887","1,124",8,755,188,174,1,13,9.96%,42.86%,31.30%,54.33%,15.48%,12.50%,1.72%,,2024-12-18
108,10 Feb 2023,"2,277","1,251",13,"1,013",213,191,3,19,9.35%,42.71%,31.19%,53.85%,15.27%,23.08%,1.88%,,2024-12-18
109,11 Feb 2023,"2,383","1,349",11,"1,023",213,201,2,10,8.94%,42.22%,30.84%,53.49%,14.90%,18.18%,0.98%,,2024-12-18
110,12 Feb 2023,"2,083","1,100",9,974,278,259,0,19,13.35%,42.78%,31.54%,54.06%,23.55%,0%,1.95%,,2024-12-18
111,13 Feb 2023,"2,173","1,367",11,795,274,255,0,19,12.61%,42.52%,31.25%,53.95%,18.65%,0%,2.39%,,2024-12-18
112,14 Feb 2023,"1,523","1,138",15,370,222,212,1,9,14.58%,42.86%,31.63%,54.05%,18.63%,6.67%,2.43%,,2024-12-18
113,15 Feb 2023,"1,923","1,552",10,361,353,338,3,12,18.36%,42.87%,31.86%,54.17%,21.78%,30%,3.32%,,2024-12-18
114,16 Feb 2023,"1,476","1,077",7,392,230,210,2,18,15.58%,43.02%,31.56%,54.12%,19.50%,28.57%,4.59%,,2024-12-18
115,17 Feb 2023,"1,348","1,114",9,225,239,230,1,8,17.73%,42.47%,31.22%,53.66%,20.65%,11.11%,3.56%,,2024-12-18
116,18 Feb 2023,"1,431","1,082",6,343,239,220,1,18,16.70%,42.42%,31.17%,53.85%,20.33%,16.67%,5.25%,,2024-12-18
117,19 Feb 2023,768,669,91,8,165,156,4,5,21.48%,42.86%,31.58%,54%,23.32%,4.40%,62.50%,Roll-out of release: Started roll-out of 26 (0.9.26) at 100%.,2024-12-18
118,20 Feb 2023,795,584,190,21,256,230,13,13,32.20%,42.55%,31.58%,53.73%,39.38%,6.84%,61.90%,Roll-out of release: Started roll-out of 27 (0.9.27) at 100%.,2024-12-18
119,21 Feb 2023,696,560,110,26,198,176,10,12,28.45%,42.86%,31.71%,54.26%,31.43%,9.09%,46.15%,Roll-out of release: Started roll-out of 28 (0.9.28) at 100%. Roll-out of release: Started roll-out of 29 (0.9.29) at 100%.,2024-12-18
120,22 Feb 2023,552,495,41,16,172,158,3,11,31.16%,42.59%,31.43%,53.68%,31.92%,7.32%,68.75%,,2024-12-18
121,23 Feb 2023,554,514,31,9,185,175,3,7,33.39%,42.67%,31.57%,53.91%,34.05%,9.68%,77.78%,,2024-12-18
122,24 Feb 2023,603,559,26,18,200,185,4,11,33.17%,42.37%,31.17%,53.35%,33.09%,15.38%,61.11%,,2024-12-18
123,25 Feb 2023,655,613,27,15,193,186,0,7,29.47%,42.11%,31.04%,53.33%,30.34%,0%,46.67%,,2024-12-18
124,26 Feb 2023,544,481,39,24,193,179,2,12,35.48%,42.47%,31.58%,53.74%,37.21%,5.13%,50%,,2024-12-18
125,27 Feb 2023,513,465,29,19,194,179,3,12,37.82%,42.59%,31.36%,53.39%,38.49%,10.34%,63.16%,,2024-12-18
126,28 Feb 2023,558,462,36,60,217,180,2,35,38.89%,41.10%,30.28%,52.10%,38.96%,5.56%,58.33%,,2024-12-18
127,1 Mar 2023,512,451,35,26,186,166,4,16,36.33%,41.18%,30.25%,52.11%,36.81%,11.43%,61.54%,,2024-12-18
128,2 Mar 2023,447,386,37,24,166,146,6,14,37.14%,40.81%,30.22%,51.90%,37.82%,16.22%,58.33%,,2024-12-18
129,3 Mar 2023,600,529,49,22,198,181,9,8,33%,40.67%,30%,51.54%,34.22%,18.37%,36.36%,,2024-12-18
130,4 Mar 2023,446,387,40,19,173,156,6,11,38.79%,40.28%,29.63%,51.44%,40.31%,15%,57.89%,,2024-12-18
131,5 Mar 2023,435,391,29,15,151,138,4,9,34.71%,40.87%,30.12%,51.72%,35.29%,13.79%,60%,,2024-12-18
132,6 Mar 2023,458,415,28,15,151,142,4,5,32.97%,41.05%,30.34%,52%,34.22%,14.29%,33.33%,,2024-12-18
133,7 Mar 2023,495,455,25,15,170,163,1,6,34.34%,41.18%,30.12%,52.17%,35.82%,4%,40%,,2024-12-18
134,8 Mar 2023,444,399,29,16,121,112,1,8,27.25%,42.39%,30.77%,53.40%,28.07%,3.45%,50%,,2024-12-18
135,9 Mar 2023,498,441,41,16,171,159,6,6,34.34%,42.11%,30.73%,53.33%,36.05%,14.63%,37.50%,,2024-12-18
136,10 Mar 2023,520,473,34,13,170,162,1,7,32.69%,42.08%,30.77%,53.23%,34.25%,2.94%,53.85%,,2024-12-18
137,11 Mar 2023,593,541,31,21,181,166,4,11,30.52%,41.43%,30%,52.63%,30.68%,12.90%,52.38%,,2024-12-18
138,12 Mar 2023,468,423,33,12,165,152,6,7,35.26%,41.80%,30.61%,53.23%,35.93%,18.18%,58.33%,,2024-12-18
139,13 Mar 2023,488,432,41,15,155,138,11,6,31.76%,42%,30.70%,53.13%,31.94%,26.83%,40%,Roll-out of release: Started roll-out of 30 (0.9.30) at 100%.,2024-12-18
140,14 Mar 2023,710,664,36,10,211,202,2,7,29.72%,41.85%,30.72%,53.13%,30.42%,5.56%,70%,,2024-12-18
141,15 Mar 2023,"1,690","1,608",57,25,384,366,4,14,22.72%,42.03%,30.88%,53.33%,22.76%,7.02%,56%,,2024-12-18
142,16 Mar 2023,"1,221","1,163",43,15,319,306,4,9,26.13%,42.01%,30.74%,53.25%,26.31%,9.30%,60%,,2024-12-18
143,17 Mar 2023,"1,446","1,374",54,18,369,350,10,9,25.52%,41.77%,30.40%,52.89%,25.47%,18.52%,50%,,2024-12-18
144,18 Mar 2023,"1,268","1,195",56,17,377,357,8,12,29.73%,41.46%,30.19%,52.83%,29.87%,14.29%,70.59%,,2024-12-18
145,19 Mar 2023,"1,319","1,259",44,16,359,344,7,8,27.22%,41.67%,30.54%,52.94%,27.32%,15.91%,50%,,2024-12-18
146,20 Mar 2023,"1,160","1,093",49,18,298,282,8,8,25.69%,41.82%,30.62%,53.13%,25.80%,16.33%,44.44%,,2024-12-18
147,21 Mar 2023,"1,294","1,202",70,22,329,299,12,18,25.43%,41.89%,30.77%,52.94%,24.88%,17.14%,81.82%,,2024-12-18
148,22 Mar 2023,"1,222","1,152",48,22,328,311,5,12,26.84%,42.86%,31.70%,53.85%,27%,10.42%,54.55%,,2024-12-18
149,23 Mar 2023,"1,111","1,025",68,18,324,302,13,9,29.16%,42.13%,31.14%,53.56%,29.46%,19.12%,50%,,2024-12-18
150,24 Mar 2023,"1,139","1,065",57,17,328,309,10,9,28.80%,42.02%,30.65%,53.13%,29.01%,17.54%,52.94%,,2024-12-18
151,25 Mar 2023,"1,156","1,095",43,18,297,282,3,12,25.69%,41.85%,30.57%,52.64%,25.75%,6.98%,66.67%,,2024-12-18
152,26 Mar 2023,"1,093","1,032",48,13,339,329,3,7,31.02%,42.06%,31.10%,53.27%,31.88%,6.25%,53.85%,Roll-out of release: Started roll-out of 31 (0.9.31) at 100%.,2024-12-18
153,27 Mar 2023,"1,067","1,000",54,13,311,296,10,5,29.15%,42.11%,31.15%,53.33%,29.60%,18.52%,38.46%,,2024-12-18
154,28 Mar 2023,936,878,43,15,292,279,6,7,31.20%,42.52%,31.33%,53.85%,31.78%,13.95%,46.67%,Roll-out of release: Started roll-out of 32 (0.9.31) at 100%.,2024-12-18
155,29 Mar 2023,989,918,61,10,279,262,12,5,28.21%,42.09%,31.08%,53.57%,28.54%,19.67%,50%,,2024-12-18
156,30 Mar 2023,997,926,50,21,245,221,13,11,24.57%,42.42%,31.25%,53.47%,23.87%,26%,52.38%,,2024-12-18
157,31 Mar 2023,859,805,45,9,219,205,10,4,25.49%,41.78%,30.77%,53.06%,25.47%,22.22%,44.44%,,2024-12-18
158,1 Apr 2023,"1,034",949,58,27,266,241,8,17,25.73%,41.43%,30.23%,52.77%,25.40%,13.79%,62.96%,,2024-12-18
159,2 Apr 2023,931,877,43,11,245,231,8,6,26.32%,42.05%,31.02%,53.24%,26.34%,18.60%,54.55%,,2024-12-18
160,3 Apr 2023,943,868,58,17,198,177,9,12,21%,41.71%,30.49%,52.81%,20.39%,15.52%,70.59%,,2024-12-18
161,4 Apr 2023,"1,010",953,45,12,206,196,5,5,20.40%,41.82%,30.53%,53.19%,20.57%,11.11%,41.67%,,2024-12-18
162,5 Apr 2023,820,773,36,11,194,183,5,6,23.66%,42%,30.68%,53.03%,23.67%,13.89%,54.55%,,2024-12-18
163,6 Apr 2023,888,820,51,17,180,167,2,11,20.27%,41.71%,30.49%,52.71%,20.37%,3.92%,64.71%,Roll-out of release: Started roll-out of 33 (1.0.0) at 100%.,2024-12-18
164,7 Apr 2023,712,654,46,12,185,168,10,7,25.98%,41.38%,30.20%,52.73%,25.69%,21.74%,58.33%,,2024-12-18
165,8 Apr 2023,810,743,58,9,230,216,8,6,28.40%,41.36%,30.21%,52.63%,29.07%,13.79%,66.67%,,2024-12-18
166,9 Apr 2023,775,709,51,15,242,223,8,11,31.23%,41.54%,30.34%,52.81%,31.45%,15.69%,73.33%,,2024-12-18
167,10 Apr 2023,604,560,36,8,145,136,4,5,24.01%,41.34%,30.12%,52.54%,24.29%,11.11%,62.50%,,2024-12-18
168,11 Apr 2023,741,650,67,24,161,141,7,13,21.73%,41.67%,30.42%,53.13%,21.69%,10.45%,54.17%,,2024-12-18
169,12 Apr 2023,756,673,70,13,134,117,9,8,17.72%,41.67%,30.77%,52.94%,17.38%,12.86%,61.54%,,2024-12-18
170,13 Apr 2023,782,697,69,16,173,156,8,9,22.12%,41.70%,30.54%,53.19%,22.38%,11.59%,56.25%,,2024-12-18
171,14 Apr 2023,813,749,46,18,195,168,15,12,23.99%,41.67%,30.12%,52.94%,22.43%,32.61%,66.67%,,2024-12-18
172,15 Apr 2023,971,891,55,25,228,201,14,13,23.48%,41.20%,29.86%,52.54%,22.56%,25.45%,52%,,2024-12-18
173,16 Apr 2023,"1,041",979,53,9,247,230,10,7,23.73%,41.74%,30.66%,53.33%,23.49%,18.87%,77.78%,,2024-12-18
174,17 Apr 2023,"1,123","1,064",47,12,330,319,2,9,29.39%,41.86%,30.65%,53.13%,29.98%,4.26%,75%,,2024-12-18
175,18 Apr 2023,905,841,46,18,201,183,6,12,22.21%,42%,30.57%,53.41%,21.76%,13.04%,66.67%,,2024-12-18
176,19 Apr 2023,965,894,52,19,259,242,8,9,26.84%,41.67%,30.04%,53.13%,27.07%,15.38%,47.37%,,2024-12-18
177,20 Apr 2023,"1,302","1,247",39,16,405,387,7,11,31.11%,41.53%,30%,53.13%,31.03%,17.95%,68.75%,,2024-12-18
178,21 Apr 2023,974,923,26,25,365,354,2,9,37.47%,41.24%,29.80%,52.63%,38.35%,7.69%,36%,,2024-12-18
179,22 Apr 2023,"1,053",880,48,125,367,315,8,44,34.85%,41.43%,29.81%,52.63%,35.80%,16.67%,35.20%,,2024-12-18
180,23 Apr 2023,861,676,61,124,240,174,14,52,27.87%,41.86%,30.52%,53.40%,25.74%,22.95%,41.94%,,2024-12-18
181,24 Apr 2023,963,821,45,97,238,204,5,29,24.71%,41.82%,30.43%,53.13%,24.85%,11.11%,29.90%,,2024-12-18
182,25 Apr 2023,"1,042",908,62,72,284,243,12,29,27.26%,41.94%,30.30%,52.94%,26.76%,19.35%,40.28%,,2024-12-18
183,26 Apr 2023,"1,089",998,49,42,322,292,14,16,29.57%,41.87%,30.20%,53.01%,29.26%,28.57%,38.10%,,2024-12-18
184,27 Apr 2023,"1,211","1,099",55,57,353,318,12,23,29.15%,41.67%,30.23%,53.17%,28.94%,21.82%,40.35%,,2024-12-18
185,28 Apr 2023,"1,142","1,020",71,51,316,261,22,33,27.67%,41.36%,30%,52.73%,25.59%,30.99%,64.71%,,2024-12-18
186,29 Apr 2023,"1,162","1,064",67,31,349,317,14,18,30.03%,41.27%,29.75%,52.87%,29.79%,20.90%,58.06%,,2024-12-18
187,30 Apr 2023,"2,869","1,379","1,455",35,396,370,11,15,13.80%,41.59%,30%,52.94%,26.83%,0.76%,42.86%,,2024-12-18
188,1 May 2023,"3,944","1,126","2,791",27,306,277,15,14,7.76%,41.79%,30.43%,53.25%,24.60%,0.54%,51.85%,,2024-12-18
189,2 May 2023,"3,958","1,040","2,891",27,279,253,11,15,7.05%,42.11%,30.77%,53.57%,24.33%,0.38%,55.56%,,2024-12-18
190,3 May 2023,"2,556",860,"1,672",24,232,208,10,14,9.08%,42.20%,30.46%,53.87%,24.19%,0.60%,58.33%,,2024-12-18
191,4 May 2023,932,848,63,21,259,241,7,11,27.79%,42.03%,30.43%,53.44%,28.42%,11.11%,52.38%,,2024-12-18
192,5 May 2023,"2,148",964,"1,160",24,294,273,8,13,13.69%,42.05%,30%,53.68%,28.32%,0.69%,54.17%,Roll-out of release: Started roll-out of 45 (1.1.0) at 100%.,2024-12-18
193,6 May 2023,"4,122","1,005","3,092",25,291,271,9,11,7.06%,41.71%,30%,53.50%,26.97%,0.29%,44%,,2024-12-18
194,7 May 2023,"3,634","1,090","2,507",37,319,297,10,12,8.78%,42.31%,30.79%,53.73%,27.25%,0.40%,32.43%,,2024-12-18
195,8 May 2023,"3,581","1,117","2,440",24,279,260,5,14,7.79%,42.20%,30.59%,54%,23.28%,0.20%,58.33%,,2024-12-18
196,9 May 2023,"2,652","1,048","1,588",16,262,251,7,4,9.88%,42.80%,31.04%,54.49%,23.95%,0.44%,25%,,2024-12-18
197,10 May 2023,"1,066",978,72,16,267,253,3,11,25.05%,42.48%,30.77%,54.17%,25.87%,4.17%,68.75%,,2024-12-18
198,11 May 2023,755,672,68,15,148,133,7,8,19.60%,42.25%,30.48%,53.86%,19.79%,10.29%,53.33%,,2024-12-18
199,12 May 2023,629,533,85,11,136,122,6,8,21.62%,42.16%,30.39%,53.85%,22.89%,7.06%,72.73%,,2024-12-18
200,13 May 2023,688,586,81,21,177,160,8,9,25.73%,41.60%,29.79%,53.33%,27.30%,9.88%,42.86%,,2024-12-18
201,14 May 2023,736,635,73,28,173,155,5,13,23.51%,42.42%,30.77%,54.17%,24.41%,6.85%,46.43%,,2024-12-18
202,15 May 2023,"1,167","1,035",107,25,340,312,13,15,29.13%,42.38%,30.61%,53.85%,30.14%,12.15%,60%,,2024-12-18
203,16 May 2023,802,708,66,28,219,197,3,19,27.31%,42.86%,31.01%,54.55%,27.82%,4.55%,67.86%,,2024-12-18
204,17 May 2023,837,736,84,17,248,233,7,8,29.63%,42.31%,30.51%,53.85%,31.66%,8.33%,47.06%,,2024-12-18
205,18 May 2023,796,696,86,14,251,230,11,10,31.53%,42.28%,30.45%,53.45%,33.05%,12.79%,71.43%,,2024-12-18
206,19 May 2023,840,741,81,18,242,228,7,7,28.81%,42.08%,30.20%,53.57%,30.77%,8.64%,38.89%,,2024-12-18
207,20 May 2023,973,736,222,15,283,268,10,5,29.09%,41.86%,30.13%,53.57%,36.41%,4.50%,33.33%,,2024-12-18
208,21 May 2023,"1,188",797,368,23,273,257,5,11,22.98%,42.55%,30.77%,54.17%,32.25%,1.36%,47.83%,,2024-12-18
209,22 May 2023,"1,108",763,315,30,244,221,9,14,22.02%,42.43%,30.63%,53.85%,28.96%,2.86%,46.67%,,2024-12-18
210,23 May 2023,"1,139",696,401,42,216,193,5,18,18.96%,42.28%,30.67%,53.85%,27.73%,1.25%,42.86%,,2024-12-18
211,24 May 2023,"1,745","1,093",616,36,316,299,4,13,18.11%,42.72%,30.77%,54.20%,27.36%,0.65%,36.11%,,2024-12-18
212,25 May 2023,"1,525","1,003",488,34,332,303,9,20,21.77%,42.42%,30.63%,53.85%,30.21%,1.84%,58.82%,,2024-12-18
213,26 May 2023,"1,565",940,592,33,281,258,5,18,17.96%,41.91%,30.23%,53.41%,27.45%,0.84%,54.55%,,2024-12-18
214,27 May 2023,"1,771","1,082",655,34,338,308,12,18,19.09%,41.80%,30.36%,53.57%,28.47%,1.83%,52.94%,,2024-12-18
215,28 May 2023,"1,538",968,532,38,302,274,9,19,19.64%,42.11%,30.43%,53.70%,28.31%,1.69%,50%,,2024-12-18
216,29 May 2023,"1,501",927,489,85,308,259,10,39,20.52%,42.54%,30.77%,53.85%,27.94%,2.04%,45.88%,,2024-12-18
217,30 May 2023,"1,898","1,065",727,106,357,280,18,59,18.81%,42.53%,30.76%,54%,26.29%,2.48%,55.66%,,2024-12-18
218,31 May 2023,"1,215",645,379,191,330,208,19,103,27.16%,42.59%,30.77%,54.17%,32.25%,5.01%,53.93%,,2024-12-18
219,1 Jun 2023,448,213,101,134,204,94,15,95,45.54%,42.78%,30.77%,54.32%,44.13%,14.85%,70.90%,,2024-12-18
220,2 Jun 2023,421,235,109,77,168,114,6,48,39.90%,42.69%,30.89%,54.29%,48.51%,5.50%,62.34%,,2024-12-18
221,3 Jun 2023,372,237,94,41,141,114,8,19,37.90%,42.43%,30.59%,54.28%,48.10%,8.51%,46.34%,,2024-12-18
222,4 Jun 2023,308,205,75,28,136,106,13,17,44.16%,42.86%,31.17%,54.55%,51.71%,17.33%,60.71%,,2024-12-18
223,5 Jun 2023,313,204,81,28,134,104,10,20,42.81%,42.86%,31.16%,54.55%,50.98%,12.35%,71.43%,,2024-12-18
224,6 Jun 2023,435,284,110,41,170,138,10,22,39.08%,42.86%,31.07%,54.75%,48.59%,9.09%,53.66%,,2024-12-18
225,7 Jun 2023,918,821,72,25,320,296,12,12,34.86%,43.11%,31.37%,55.23%,36.05%,16.67%,48%,,2024-12-18
226,8 Jun 2023,"1,624","1,550",53,21,472,453,7,12,29.06%,44.40%,32.13%,56.19%,29.23%,13.21%,57.14%,,2024-12-18
227,9 Jun 2023,"1,474","1,379",63,32,383,363,4,16,25.98%,42.89%,31.19%,54.84%,26.32%,6.35%,50%,,2024-12-18
228,10 Jun 2023,"1,610","1,510",66,34,450,428,6,16,27.95%,42.55%,30.55%,54.39%,28.34%,9.09%,47.06%,,2024-12-18
229,11 Jun 2023,"1,590","1,498",75,17,448,426,12,10,28.18%,42.86%,31.25%,54.57%,28.44%,16%,58.82%,,2024-12-18
230,12 Jun 2023,"1,544","1,454",65,25,411,384,12,15,26.62%,43.25%,31.25%,55%,26.41%,18.46%,60%,,2024-12-18
231,13 Jun 2023,"1,934","1,813",77,44,453,428,3,22,23.42%,43.48%,31.56%,55.17%,23.61%,3.90%,50%,,2024-12-18
232,14 Jun 2023,"1,572","1,484",56,32,407,383,11,13,25.89%,43.16%,31.25%,55%,25.81%,19.64%,40.63%,,2024-12-18
233,15 Jun 2023,"1,549","1,425",77,47,340,317,1,22,21.95%,43.41%,31.58%,55.24%,22.25%,1.30%,46.81%,,2024-12-18
234,16 Jun 2023,"2,042","1,900",109,33,382,361,7,14,18.71%,43.28%,31.25%,55.32%,19%,6.42%,42.42%,,2024-12-18
235,17 Jun 2023,"2,256","2,114",103,39,401,377,7,17,17.77%,42.93%,31.17%,54.95%,17.83%,6.80%,43.59%,,2024-12-18
236,18 Jun 2023,"1,894","1,756",102,36,425,395,10,20,22.44%,43.20%,31.18%,55.08%,22.49%,9.80%,55.56%,,2024-12-18
237,19 Jun 2023,"1,767","1,657",85,25,375,356,5,14,21.22%,43.57%,31.31%,55.32%,21.48%,5.88%,56%,Roll-out of release: Started roll-out of 46 (1.2.0) at 100%.,2024-12-18
238,20 Jun 2023,"1,748","1,659",64,25,286,270,4,12,16.36%,43.75%,31.72%,55.56%,16.27%,6.25%,48%,,2024-12-18
239,21 Jun 2023,"1,769","1,634",76,59,368,328,5,35,20.80%,43.36%,31.48%,55.50%,20.07%,6.58%,59.32%,,2024-12-18
240,22 Jun 2023,"1,405","1,271",83,51,293,266,4,23,20.85%,43.48%,31.25%,55.56%,20.93%,4.82%,45.10%,,2024-12-18
241,23 Jun 2023,"1,236","1,119",78,39,285,252,8,25,23.06%,43.48%,31.11%,55.33%,22.52%,10.26%,64.10%,,2024-12-18
242,24 Jun 2023,"1,410","1,267",100,43,348,312,11,25,24.68%,43.04%,30.93%,54.79%,24.63%,11%,58.14%,,2024-12-18
243,25 Jun 2023,"1,520","1,397",93,30,310,286,6,18,20.39%,43.20%,31.03%,55.22%,20.47%,6.45%,60%,,2024-12-18
244,26 Jun 2023,"1,961","1,555",345,61,370,318,13,39,18.87%,43.33%,31.25%,55.26%,20.45%,3.77%,63.93%,,2024-12-18
245,27 Jun 2023,"2,417","1,638",723,56,339,300,14,25,14.03%,42.94%,31.15%,55.17%,18.32%,1.94%,44.64%,,2024-12-18
246,28 Jun 2023,"1,820","1,204",582,34,286,262,10,14,15.71%,43.27%,31.10%,55.56%,21.76%,1.72%,41.18%,,2024-12-18
247,29 Jun 2023,"1,599","1,095",475,29,225,197,11,17,14.07%,42.86%,30.80%,54.64%,17.99%,2.32%,58.62%,,2024-12-18
248,30 Jun 2023,"1,564","1,206",333,25,261,242,7,12,16.69%,42.89%,31.29%,55%,20.07%,2.10%,48%,,2024-12-18
249,1 Jul 2023,"1,471","1,366",78,27,310,291,8,11,21.07%,42.86%,31.02%,54.71%,21.30%,10.26%,40.74%,,2024-12-18
250,2 Jul 2023,"1,541","1,415",94,32,358,335,9,14,23.23%,43.18%,31.58%,55%,23.67%,9.57%,43.75%,,2024-12-18
251,3 Jul 2023,"1,440","1,266",111,63,359,311,9,39,24.93%,43.36%,31.52%,55%,24.57%,8.11%,61.90%,,2024-12-18
252,4 Jul 2023,"1,294","1,167",87,40,327,286,16,25,25.27%,43.30%,31.38%,54.84%,24.51%,18.39%,62.50%,,2024-12-18
253,5 Jul 2023,"1,340","1,174",106,60,380,335,10,35,28.36%,43.66%,31.63%,55.34%,28.53%,9.43%,58.33%,Roll-out of release: Started roll-out of 47 (1.2.1) at 100%.,2024-12-18
254,6 Jul 2023,"1,367","1,244",84,39,306,281,5,20,22.38%,43.63%,31.82%,55.19%,22.59%,5.95%,51.28%,,2024-12-18
255,7 Jul 2023,"1,673","1,526",107,40,311,285,7,19,18.59%,42.86%,31.25%,54.67%,18.68%,6.54%,47.50%,,2024-12-18
256,8 Jul 2023,"1,749","1,621",105,23,281,263,9,9,16.07%,42.84%,30.77%,54.61%,16.22%,8.57%,39.13%,,2024-12-18
257,9 Jul 2023,"1,558","1,435",105,18,309,288,12,9,19.83%,43.22%,31.41%,55.02%,20.07%,11.43%,50%,,2024-12-18
258,10 Jul 2023,"1,657","1,499",117,41,357,325,9,23,21.54%,43.48%,31.43%,55.26%,21.68%,7.69%,56.10%,,2024-12-18
259,11 Jul 2023,"2,140","1,978",127,35,350,323,8,19,16.36%,43.48%,31.73%,55.20%,16.33%,6.30%,54.29%,,2024-12-18
260,12 Jul 2023,"2,049","1,876",140,33,367,335,16,16,17.91%,43.23%,31.56%,54.81%,17.86%,11.43%,48.48%,,2024-12-18
261,13 Jul 2023,"1,593","1,471",104,18,312,296,9,7,19.59%,43.43%,31.58%,55.33%,20.12%,8.65%,38.89%,,2024-12-18
262,14 Jul 2023,"1,610","1,507",75,28,330,305,9,16,20.50%,43.19%,31.36%,55.27%,20.24%,12%,57.14%,,2024-12-18
263,15 Jul 2023,"1,794","1,702",68,24,365,345,6,14,20.35%,42.86%,30.56%,54.55%,20.27%,8.82%,58.33%,,2024-12-18
264,16 Jul 2023,"1,518","1,435",58,25,274,258,6,10,18.05%,43.40%,31.31%,55.36%,17.98%,10.34%,40%,,2024-12-18
265,17 Jul 2023,"1,937","1,826",90,21,341,324,7,10,17.60%,43.42%,31.80%,55%,17.74%,7.78%,47.62%,,2024-12-18
266,18 Jul 2023,"1,903","1,760",112,31,326,299,10,17,17.13%,43.14%,31.51%,54.59%,16.99%,8.93%,54.84%,,2024-12-18
267,19 Jul 2023,"1,872","1,728",107,37,349,326,3,20,18.64%,43.30%,31.35%,54.69%,18.87%,2.80%,54.05%,,2024-12-18
268,20 Jul 2023,"1,934","1,826",86,22,356,335,7,14,18.41%,43.33%,31.48%,55%,18.35%,8.14%,63.64%,,2024-12-18
269,21 Jul 2023,"2,079","2,007",50,22,392,372,6,14,18.86%,43.48%,31.77%,55.30%,18.54%,12%,63.64%,,2024-12-18
270,22 Jul 2023,"1,804","1,707",72,25,327,308,8,11,18.13%,43.10%,31.37%,54.86%,18.04%,11.11%,44%,,2024-12-18
271,23 Jul 2023,"1,864","1,769",72,23,358,336,9,13,19.21%,43.75%,31.82%,55.56%,18.99%,12.50%,56.52%,,2024-12-18
272,24 Jul 2023,"1,966","1,876",68,22,326,302,11,13,16.58%,43.86%,31.98%,55.48%,16.10%,16.18%,59.09%,,2024-12-18
273,25 Jul 2023,"2,054","1,934",97,23,311,287,8,16,15.14%,43.75%,32.08%,55.56%,14.84%,8.25%,69.57%,,2024-12-18
274,26 Jul 2023,"2,301","2,168",109,24,289,270,11,8,12.56%,43.64%,31.97%,55.56%,12.45%,10.09%,33.33%,,2024-12-18
275,27 Jul 2023,"2,633","2,544",68,21,434,412,7,15,16.48%,43.75%,31.75%,55.48%,16.19%,10.29%,71.43%,,2024-12-18
276,28 Jul 2023,"2,442","2,327",100,15,347,335,6,6,14.21%,43.75%,31.56%,55.56%,14.40%,6%,40%,,2024-12-18
277,29 Jul 2023,"3,047","2,887",141,19,405,391,7,7,13.29%,43.18%,31.48%,55.40%,13.54%,4.96%,36.84%,,2024-12-18
278,30 Jul 2023,"2,364","2,220",110,34,401,376,7,18,16.96%,43.97%,31.88%,55.56%,16.94%,6.36%,52.94%,,2024-12-18
279,31 Jul 2023,"2,319","2,205",88,26,374,352,13,9,16.13%,43.64%,32%,55.49%,15.96%,14.77%,34.62%,,2024-12-18
280,1 Aug 2023,"2,238","2,094",125,19,368,341,17,10,16.44%,44.44%,32.26%,56.41%,16.28%,13.60%,52.63%,,2024-12-18
281,2 Aug 2023,"2,275","2,180",79,16,357,341,6,10,15.69%,43.93%,32.04%,55.56%,15.64%,7.59%,62.50%,,2024-12-18
282,3 Aug 2023,"2,036","1,960",62,14,311,299,5,7,15.28%,44.17%,31.98%,56.07%,15.26%,8.06%,50%,,2024-12-18
283,4 Aug 2023,"2,737","2,632",79,26,420,403,7,10,15.35%,44%,31.95%,55.88%,15.31%,8.86%,38.46%,,2024-12-18
284,5 Aug 2023,"2,828","2,682",121,25,405,383,10,12,14.32%,43.64%,31.46%,55.56%,14.28%,8.26%,48%,,2024-12-18
285,6 Aug 2023,"2,708","2,567",111,30,439,421,8,10,16.21%,43.75%,31.84%,55.56%,16.40%,7.21%,33.33%,,2024-12-18
286,7 Aug 2023,"2,589","2,466",92,31,593,561,11,21,22.90%,43.78%,31.82%,55.48%,22.75%,11.96%,67.74%,,2024-12-18
287,8 Aug 2023,"2,385","2,265",89,31,518,494,9,15,21.72%,43.82%,31.87%,55.38%,21.81%,10.11%,48.39%,,2024-12-18
288,9 Aug 2023,"2,147","2,037",94,16,451,439,2,10,21.01%,43.87%,32%,55.56%,21.55%,2.13%,62.50%,,2024-12-18
289,10 Aug 2023,"2,541","2,400",116,25,552,524,16,12,21.72%,43.92%,31.94%,55.56%,21.83%,13.79%,48%,,2024-12-18
290,11 Aug 2023,"2,394","2,248",123,23,511,485,11,15,21.35%,43.92%,31.86%,55.35%,21.57%,8.94%,65.22%,,2024-12-18
291,12 Aug 2023,"2,452","2,209",205,38,518,471,20,27,21.13%,43.48%,31.46%,55.26%,21.32%,9.76%,71.05%,,2024-12-18
292,13 Aug 2023,"1,991","1,803",163,25,484,452,17,15,24.31%,43.70%,31.52%,55.56%,25.07%,10.43%,60%,,2024-12-18
293,14 Aug 2023,"2,247","2,054",164,29,554,521,10,23,24.66%,43.96%,31.64%,55.56%,25.37%,6.10%,79.31%,Roll-out of release: Started roll-out of 48 (1.3.0) at 100%.,2024-12-18
294,15 Aug 2023,"2,478","2,251",191,36,625,580,21,24,25.22%,43.99%,32.02%,55.72%,25.77%,10.99%,66.67%,,2024-12-18
295,16 Aug 2023,"2,289","2,108",137,44,519,481,16,22,22.67%,43.68%,31.83%,55.56%,22.82%,11.68%,50%,,2024-12-18
296,17 Aug 2023,"2,378","2,190",152,36,532,494,19,19,22.37%,44.03%,31.82%,55.57%,22.56%,12.50%,52.78%,,2024-12-18
297,18 Aug 2023,"2,958","2,726",157,75,617,553,16,48,20.86%,43.93%,31.70%,55.56%,20.29%,10.19%,64%,,2024-12-18
298,19 Aug 2023,"3,103","2,875",145,83,610,545,14,51,19.66%,43.46%,31.44%,55.29%,18.96%,9.66%,61.45%,,2024-12-18
299,20 Aug 2023,"2,429","2,273",122,34,511,477,13,21,21.04%,44.12%,31.94%,55.81%,20.99%,10.66%,61.76%,,2024-12-18
300,21 Aug 2023,"2,739","2,574",134,31,549,510,22,17,20.04%,43.80%,31.86%,55.56%,19.81%,16.42%,54.84%,,2024-12-18
301,22 Aug 2023,"2,796","2,615",156,25,487,463,14,10,17.42%,44.22%,31.91%,55.69%,17.71%,8.97%,40%,,2024-12-18
302,23 Aug 2023,"2,749","2,563",161,25,507,478,15,14,18.44%,43.90%,32.14%,55.60%,18.65%,9.32%,56%,,2024-12-18
303,24 Aug 2023,"2,535","2,369",134,32,441,413,14,14,17.40%,44%,31.85%,55.56%,17.43%,10.45%,43.75%,,2024-12-18
304,25 Aug 2023,"2,362","2,250",86,26,477,465,7,5,20.19%,43.48%,31.35%,55.42%,20.67%,8.14%,19.23%,,2024-12-18
305,26 Aug 2023,"2,566","2,456",91,19,428,409,12,7,16.68%,43.39%,31.11%,55.56%,16.65%,13.19%,36.84%,,2024-12-18
306,27 Aug 2023,"2,200","2,107",78,15,466,455,7,4,21.18%,43.75%,31.47%,55.74%,21.59%,8.97%,26.67%,,2024-12-18
307,28 Aug 2023,"2,190","2,098",73,19,509,490,8,11,23.24%,43.90%,31.91%,55.56%,23.36%,10.96%,57.89%,,2024-12-18
308,29 Aug 2023,"1,900","1,809",67,24,367,341,14,12,19.32%,43.86%,31.90%,56.06%,18.85%,20.90%,50%,Roll-out of release: Started roll-out of 49 (1.3.1) at 100%.,2024-12-18
309,30 Aug 2023,"2,277","2,189",60,28,478,455,11,12,20.99%,43.68%,31.51%,55.56%,20.79%,18.33%,42.86%,,2024-12-18
310,31 Aug 2023,"1,985","1,910",56,19,406,396,5,5,20.45%,44.34%,32.06%,56.01%,20.73%,8.93%,26.32%,,2024-12-18
311,1 Sept 2023,"2,363","2,288",59,16,496,477,14,5,20.99%,43.64%,31.67%,55.56%,20.85%,23.73%,31.25%,,2024-12-18
312,2 Sept 2023,"1,970","1,895",59,16,442,428,9,5,22.44%,43.54%,31.27%,55.56%,22.59%,15.25%,31.25%,,2024-12-18
313,3 Sept 2023,"2,000","1,941",36,23,536,516,10,10,26.80%,44.23%,32.02%,56.17%,26.58%,27.78%,43.48%,,2024-12-18
314,4 Sept 2023,"2,360","2,275",62,23,648,626,8,14,27.46%,44.39%,32.20%,56.33%,27.52%,12.90%,60.87%,,2024-12-18
315,5 Sept 2023,"2,303","2,219",53,31,571,549,4,18,24.79%,44.29%,32.25%,56.23%,24.74%,7.55%,58.06%,Roll-out of release: Started roll-out of 51 (1.4.0) at 100%.,2024-12-18
316,6 Sept 2023,"2,565","2,472",67,26,565,546,10,9,22.03%,44.44%,32.39%,56.25%,22.09%,14.93%,34.62%,,2024-12-18
317,7 Sept 2023,"2,607","2,501",71,35,612,585,12,15,23.48%,44.30%,32.31%,55.89%,23.39%,16.90%,42.86%,,2024-12-18
318,8 Sept 2023,"2,798","2,676",87,35,636,609,10,17,22.73%,44.44%,31.97%,56.25%,22.76%,11.49%,48.57%,,2024-12-18
319,9 Sept 2023,"3,294","3,174",95,25,618,599,7,12,18.76%,44.19%,32.19%,56.04%,18.87%,7.37%,48%,,2024-12-18
320,10 Sept 2023,"2,418","2,306",85,27,471,452,9,10,19.48%,45%,32.78%,56.72%,19.60%,10.59%,37.04%,,2024-12-18
321,11 Sept 2023,"2,289","2,170",88,31,540,519,8,13,23.59%,44.51%,32.67%,56.36%,23.92%,9.09%,41.94%,,2024-12-18
322,12 Sept 2023,"1,782","1,682",74,26,385,364,12,9,21.60%,44.38%,32.32%,56.38%,21.64%,16.22%,34.62%,,2024-12-18
323,13 Sept 2023,"1,468","1,369",76,23,259,236,9,14,17.64%,44.44%,32.28%,56.52%,17.24%,11.84%,60.87%,,2024-12-18
324,14 Sept 2023,"1,731","1,610",103,18,210,194,9,7,12.13%,44.44%,32.20%,55.99%,12.05%,8.74%,38.89%,,2024-12-18
325,15 Sept 2023,"1,362","1,272",81,9,200,190,6,4,14.68%,44%,31.89%,55.71%,14.94%,7.41%,44.44%,,2024-12-18
326,16 Sept 2023,"1,024",899,102,23,243,221,10,12,23.73%,43.90%,31.58%,55.66%,24.58%,9.80%,52.17%,,2024-12-18
327,17 Sept 2023,"1,562","1,499",53,10,243,234,7,2,15.56%,44.93%,32.67%,56.57%,15.61%,13.21%,20%,,2024-12-18
328,18 Sept 2023,"2,086","2,019",52,15,246,230,7,9,11.79%,44.70%,32.57%,56.25%,11.39%,13.46%,60%,Roll-out of release: Started roll-out of 53 (1.4.1) at 100%.,2024-12-18
329,19 Sept 2023,"1,737","1,660",63,14,228,219,2,7,13.13%,44.83%,32.84%,56.24%,13.19%,3.17%,50%,Roll-out of release: Started roll-out of 54 (1.4.1) at 100%.,2024-12-18
330,20 Sept 2023,"1,698","1,610",69,19,212,193,8,11,12.49%,44.44%,32.45%,56.04%,11.99%,11.59%,57.89%,,2024-12-18
331,21 Sept 2023,"2,074","1,962",87,25,275,255,6,14,13.26%,44.44%,32.22%,56.25%,13%,6.90%,56%,,2024-12-18
332,22 Sept 2023,"2,086","2,031",46,9,277,263,9,5,13.28%,43.96%,31.72%,55.78%,12.95%,19.57%,55.56%,,2024-12-18
333,23 Sept 2023,"2,927","2,834",79,14,400,372,17,11,13.67%,43.75%,31.41%,55.38%,13.13%,21.52%,78.57%,,2024-12-18
334,24 Sept 2023,"1,576","1,489",74,13,380,361,12,7,24.11%,44.26%,32.26%,55.75%,24.24%,16.22%,53.85%,,2024-12-18
335,25 Sept 2023,"1,137","1,023",89,25,387,356,17,14,34.04%,44.44%,32.62%,55.88%,34.80%,19.10%,56%,Roll-out of release: Started roll-out of 55 (1.4.2) at 100%.,2024-12-18
336,26 Sept 2023,"1,294","1,172",78,44,399,359,18,22,30.83%,44.44%,32.25%,55.88%,30.63%,23.08%,50%,,2024-12-18
337,27 Sept 2023,"1,291","1,142",70,79,358,307,21,30,27.73%,44.12%,32%,55.59%,26.88%,30%,37.97%,,2024-12-18
338,28 Sept 2023,"1,298","1,113",76,109,414,335,33,46,31.90%,44.35%,32.18%,55.56%,30.10%,43.42%,42.20%,,2024-12-18
339,29 Sept 2023,"1,271","1,126",57,88,382,335,19,28,30.06%,44.35%,32.14%,55.88%,29.75%,33.33%,31.82%,,2024-12-18
340,30 Sept 2023,"1,343","1,173",58,112,419,366,12,41,31.20%,43.48%,31.62%,55.26%,31.20%,20.69%,36.61%,,2024-12-18
341,1 Oct 2023,"1,123","1,006",43,74,366,324,15,27,32.59%,44.50%,32.39%,55.93%,32.21%,34.88%,36.49%,,2024-12-18
342,2 Oct 2023,"1,392","1,170",69,153,429,361,21,47,30.82%,44.78%,32.56%,56.43%,30.85%,30.43%,30.72%,,2024-12-18
343,3 Oct 2023,"1,149",876,66,207,269,210,13,46,23.41%,44.44%,32.31%,56.14%,23.97%,19.70%,22.22%,,2024-12-18
344,4 Oct 2023,"1,152",737,86,329,271,181,20,70,23.52%,44.80%,32.40%,56.06%,24.56%,23.26%,21.28%,,2024-12-18
345,5 Oct 2023,"1,179",715,107,357,303,195,25,83,25.70%,44.57%,32.52%,56.25%,27.27%,23.36%,23.25%,,2024-12-18
346,6 Oct 2023,"1,384",663,84,637,328,174,16,138,23.70%,44.74%,32.24%,56.56%,26.24%,19.05%,21.66%,,2024-12-18
347,7 Oct 2023,"1,480",648,139,693,324,165,22,137,21.89%,44.44%,32.13%,56%,25.46%,15.83%,19.77%,,2024-12-18
348,8 Oct 2023,"1,267",558,117,592,338,180,23,135,26.68%,44.90%,32.86%,56.70%,32.26%,19.66%,22.80%,Roll-out of release: Started roll-out of 56 (1.4.3) at 100%.,2024-12-18
349,9 Oct 2023,"1,356",719,99,538,357,206,21,130,26.33%,44.74%,32.52%,56.58%,28.65%,21.21%,24.16%,,2024-12-18
350,10 Oct 2023,"1,300","1,178",64,58,346,316,14,16,26.62%,44.44%,32.50%,56.05%,26.83%,21.88%,27.59%,,2024-12-18
351,11 Oct 2023,"1,442","1,305",78,59,401,359,24,18,27.81%,44.47%,32.77%,55.93%,27.51%,30.77%,30.51%,,2024-12-18
352,12 Oct 2023,"1,425","1,310",72,43,352,323,10,19,24.70%,44.35%,32.08%,55.76%,24.66%,13.89%,44.19%,,2024-12-18
353,13 Oct 2023,"1,414","1,301",63,50,365,339,12,14,25.81%,44.09%,31.58%,55.56%,26.06%,19.05%,28%,,2024-12-18
354,14 Oct 2023,"1,415","1,311",65,39,351,318,20,13,24.81%,43.85%,31.51%,55.44%,24.26%,30.77%,33.33%,,2024-12-18
355,15 Oct 2023,"1,250","1,169",57,24,319,300,10,9,25.52%,44.40%,32.10%,56%,25.66%,17.54%,37.50%,,2024-12-18
356,16 Oct 2023,"2,307","2,141",100,66,574,519,25,30,24.88%,44.44%,32.26%,55.92%,24.24%,25%,45.45%,,2024-12-18
357,17 Oct 2023,"2,792","2,680",74,38,436,403,17,16,15.62%,44.30%,32.35%,55.68%,15.04%,22.97%,42.11%,,2024-12-18
358,18 Oct 2023,"3,145","3,048",65,32,433,408,11,14,13.77%,44.24%,32.17%,55.56%,13.39%,16.92%,43.75%,,2024-12-18
359,19 Oct 2023,"2,637","2,485",126,26,528,470,41,17,20.02%,43.88%,31.89%,55.43%,18.91%,32.54%,65.38%,,2024-12-18
360,20 Oct 2023,"2,019","1,897",97,25,520,482,22,16,25.76%,43.75%,31.48%,55.27%,25.41%,22.68%,64%,,2024-12-18
361,21 Oct 2023,"2,077","1,956",102,19,534,505,17,12,25.71%,43.18%,31.25%,54.94%,25.82%,16.67%,63.16%,,2024-12-18
362,22 Oct 2023,"1,678","1,595",66,17,476,455,9,12,28.37%,43.86%,31.80%,55.56%,28.53%,13.64%,70.59%,,2024-12-18
363,23 Oct 2023,"2,132","1,977",130,25,644,581,44,19,30.21%,44.33%,32.26%,55.56%,29.39%,33.85%,76%,,2024-12-18
364,24 Oct 2023,"1,599","1,493",79,27,437,397,24,16,27.33%,44.12%,31.88%,55.75%,26.59%,30.38%,59.26%,,2024-12-18
365,25 Oct 2023,"1,428","1,341",64,23,443,415,11,17,31.02%,44.44%,32.23%,55.98%,30.95%,17.19%,73.91%,Roll-out of release: Started roll-out of 57 (1.4.4) at 100%.,2024-12-18
366,26 Oct 2023,"2,388","2,303",68,17,584,552,18,14,24.46%,43.80%,31.53%,55.01%,23.97%,26.47%,82.35%,,2024-12-18
367,27 Oct 2023,"2,259","2,171",69,19,462,436,14,12,20.45%,43.75%,31.64%,55.26%,20.08%,20.29%,63.16%,,2024-12-18
368,28 Oct 2023,"2,180","2,067",92,21,527,489,25,13,24.17%,43.33%,31.15%,55.04%,23.66%,27.17%,61.90%,,2024-12-18
369,29 Oct 2023,"2,211","2,106",91,14,513,489,15,9,23.20%,43.48%,31.46%,55%,23.22%,16.48%,64.29%,,2024-12-18
370,30 Oct 2023,"1,565","1,485",58,22,404,380,10,14,25.81%,43.90%,31.85%,55.26%,25.59%,17.24%,63.64%,,2024-12-18
371,31 Oct 2023,"1,582","1,527",42,13,457,429,18,10,28.89%,44.12%,31.82%,55.56%,28.09%,42.86%,76.92%,,2024-12-18
372,1 Nov 2023,"1,862","1,781",60,21,491,462,13,16,26.37%,44.12%,32.03%,55.81%,25.94%,21.67%,76.19%,,2024-12-18
373,2 Nov 2023,"2,784","2,686",81,17,617,590,17,10,22.16%,44.12%,31.85%,55.56%,21.97%,20.99%,58.82%,,2024-12-18
374,3 Nov 2023,"2,472","2,391",65,16,578,557,11,10,23.38%,44%,31.58%,55.42%,23.30%,16.92%,62.50%,,2024-12-18
375,4 Nov 2023,"2,520","2,420",83,17,560,535,17,8,22.22%,43.65%,31.46%,55.06%,22.11%,20.48%,47.06%,,2024-12-18
376,5 Nov 2023,"2,206","2,118",72,16,527,499,19,9,23.89%,44.57%,32.49%,55.97%,23.56%,26.39%,56.25%,,2024-12-18
377,6 Nov 2023,"2,442","2,355",70,17,494,465,17,12,20.23%,44.44%,32.22%,55.77%,19.75%,24.29%,70.59%,,2024-12-18
378,7 Nov 2023,"2,470","2,398",55,17,532,511,10,11,21.54%,44.31%,32%,55.56%,21.31%,18.18%,64.71%,,2024-12-18
379,8 Nov 2023,"2,081","2,020",45,16,475,457,7,11,22.83%,44.04%,31.96%,55.56%,22.62%,15.56%,68.75%,,2024-12-18
380,9 Nov 2023,"2,214","2,157",50,7,481,468,9,4,21.73%,44.29%,31.91%,55.58%,21.70%,18%,57.14%,Roll-out of release: Started roll-out of 58 (1.4.5) at 100%.,2024-12-18
381,10 Nov 2023,"2,048","1,999",35,14,438,429,4,5,21.39%,44.07%,31.82%,55.56%,21.46%,11.43%,35.71%,,2024-12-18
382,11 Nov 2023,"2,591","2,522",58,11,548,520,20,8,21.15%,43.94%,31.25%,55.44%,20.62%,34.48%,72.73%,,2024-12-18
383,12 Nov 2023,"1,845","1,803",29,13,409,396,5,8,22.17%,44.44%,32.01%,56.04%,21.96%,17.24%,61.54%,,2024-12-18
384,13 Nov 2023,"1,994","1,939",43,12,444,429,8,7,22.27%,44.44%,32.46%,55.84%,22.12%,18.60%,58.33%,,2024-12-18
385,14 Nov 2023,"1,844","1,779",41,24,479,458,10,11,25.98%,44.66%,32.35%,56.28%,25.74%,24.39%,45.83%,,2024-12-18
386,15 Nov 2023,"5,306","4,090","1,187",29,915,886,14,15,17.24%,44.44%,32.20%,56%,21.66%,1.18%,51.72%,,2024-12-18
387,16 Nov 2023,"4,351","3,460",862,29,798,773,10,15,18.34%,44.43%,31.91%,55.81%,22.34%,1.16%,51.72%,,2024-12-18
388,17 Nov 2023,"6,828","6,726",85,17,"1,181","1,150",16,15,17.30%,44.19%,32.22%,55.88%,17.10%,18.82%,88.24%,,2024-12-18
389,18 Nov 2023,"5,866","5,763",80,23,985,961,11,13,16.79%,44.28%,31.82%,56%,16.68%,13.75%,56.52%,,2024-12-18
390,19 Nov 2023,"5,176","5,087",56,33,980,950,10,20,18.93%,44.74%,32.39%,56.60%,18.68%,17.86%,60.61%,,2024-12-18
391,20 Nov 2023,"6,088","5,993",65,30,"1,186","1,147",18,21,19.48%,44.80%,32.83%,56.31%,19.14%,27.69%,70%,,2024-12-18
392,21 Nov 2023,"5,970","5,820",100,50,"1,289","1,246",16,27,21.59%,45%,33.14%,56.41%,21.41%,16%,54%,,2024-12-18
393,22 Nov 2023,"3,290","3,184",70,36,860,822,12,26,26.14%,44.61%,32.14%,56.03%,25.82%,17.14%,72.22%,,2024-12-18
394,23 Nov 2023,"2,757","2,621",97,39,729,680,28,21,26.44%,44.44%,32.14%,56.08%,25.94%,28.87%,53.85%,Roll-out of release: Started roll-out of 59 (1.4.6) at 100%.,2024-12-18
395,24 Nov 2023,"3,368","3,201",138,29,858,806,34,18,25.48%,44.54%,32.32%,55.88%,25.18%,24.64%,62.07%,,2024-12-18
396,25 Nov 2023,"2,768","2,637",100,31,707,664,23,20,25.54%,44.32%,32.16%,55.81%,25.18%,23%,64.52%,,2024-12-18
397,26 Nov 2023,"2,646","2,522",96,28,648,611,22,15,24.49%,44.44%,32.39%,56.25%,24.23%,22.92%,53.57%,,2024-12-18
398,27 Nov 2023,"3,376","3,195",133,48,872,818,17,37,25.83%,44.68%,32.46%,56%,25.60%,12.78%,77.08%,,2024-12-18
399,28 Nov 2023,"2,820","2,696",91,33,736,699,18,19,26.10%,44.86%,32.65%,56.25%,25.93%,19.78%,57.58%,,2024-12-18
400,29 Nov 2023,"2,819","2,692",91,36,754,713,16,25,26.75%,44.70%,32.47%,56.25%,26.49%,17.58%,69.44%,,2024-12-18
401,30 Nov 2023,"2,672","2,566",78,28,715,683,17,15,26.76%,44.44%,32.22%,55.84%,26.62%,21.79%,53.57%,,2024-12-18
402,1 Dec 2023,"2,852","2,744",88,20,623,592,15,16,21.84%,44.40%,32.41%,55.84%,21.57%,17.05%,80%,,2024-12-18
403,2 Dec 2023,"2,823","2,724",87,12,585,559,21,5,20.72%,44.32%,31.63%,55.77%,20.52%,24.14%,41.67%,,2024-12-18
404,3 Dec 2023,"2,452","2,364",74,14,547,525,14,8,22.31%,44.62%,32.32%,56.25%,22.21%,18.92%,57.14%,,2024-12-18
405,4 Dec 2023,"2,697","2,611",67,19,655,622,18,15,24.29%,44.83%,32.46%,56.38%,23.82%,26.87%,78.95%,,2024-12-18
406,5 Dec 2023,"2,851","2,751",70,30,613,568,22,23,21.50%,43.94%,31.97%,55.26%,20.65%,31.43%,76.67%,,2024-12-18
407,6 Dec 2023,"2,413","2,341",55,17,485,466,9,10,20.10%,43.48%,31.13%,54.77%,19.91%,16.36%,58.82%,,2024-12-18
408,7 Dec 2023,"2,355","2,265",73,17,506,482,14,10,21.49%,43.60%,31.57%,54.93%,21.28%,19.18%,58.82%,,2024-12-18
409,8 Dec 2023,"2,585","2,485",76,24,553,521,19,13,21.39%,43.18%,31.16%,54.55%,20.97%,25%,54.17%,Roll-out of release: Started roll-out of 60 (1.5.0) at 100%.,2024-12-18
410,9 Dec 2023,"2,537","2,448",70,19,481,451,16,14,18.96%,43.21%,30.99%,54.61%,18.42%,22.86%,73.68%,,2024-12-18
411,10 Dec 2023,"2,252","2,163",67,22,439,413,11,15,19.49%,43.75%,31.37%,55.14%,19.09%,16.42%,68.18%,,2024-12-18
412,11 Dec 2023,"3,048","2,598",432,18,498,462,28,8,16.34%,43.75%,31.75%,55%,17.78%,6.48%,44.44%,,2024-12-18
413,12 Dec 2023,"2,596","2,312",279,5,383,341,41,1,14.75%,43.92%,32.34%,55.20%,14.75%,14.70%,20%,,2024-12-18
414,13 Dec 2023,"3,413","2,418",982,13,441,413,26,2,12.92%,44%,32.17%,55.15%,17.08%,2.65%,15.38%,,2024-12-18
415,14 Dec 2023,"5,254","3,195","2,041",18,538,523,11,4,10.24%,44.44%,32.14%,56.10%,16.37%,0.54%,22.22%,,2024-12-18
416,15 Dec 2023,"4,824","2,987","1,816",21,506,489,13,4,10.49%,43.96%,31.45%,55.69%,16.37%,0.72%,19.05%,,2024-12-18
417,16 Dec 2023,"4,778","2,882","1,876",20,535,523,8,4,11.20%,43.75%,31.58%,55.56%,18.15%,0.43%,20%,,2024-12-18
418,17 Dec 2023,"4,762","2,898","1,850",14,561,540,13,8,11.78%,44.44%,32.09%,56%,18.63%,0.70%,57.14%,,2024-12-18
419,18 Dec 2023,"5,039","2,883","2,132",24,604,581,15,8,11.99%,44.16%,31.96%,55.77%,20.15%,0.70%,33.33%,,2024-12-18
420,19 Dec 2023,"4,941","2,966","1,955",20,687,655,20,12,13.90%,44.65%,32.43%,56.03%,22.08%,1.02%,60%,,2024-12-18
421,20 Dec 2023,"5,071","3,049","1,999",23,731,700,23,8,14.42%,44.30%,32.14%,55.79%,22.96%,1.15%,34.78%,,2024-12-18
422,21 Dec 2023,"4,237","2,666","1,538",33,612,568,21,23,14.44%,44.44%,32.13%,55.77%,21.31%,1.37%,69.70%,,2024-12-18
423,22 Dec 2023,"4,569","2,843","1,703",23,619,600,12,7,13.55%,43.83%,31.61%,55.47%,21.10%,0.70%,30.43%,,2024-12-18
424,23 Dec 2023,"4,531","2,896","1,618",17,615,587,20,8,13.57%,43.85%,31.25%,55.56%,20.27%,1.24%,47.06%,,2024-12-18
425,24 Dec 2023,"4,905","3,106","1,783",16,673,639,25,9,13.72%,44%,31.30%,55.56%,20.57%,1.40%,56.25%,,2024-12-18
426,25 Dec 2023,"5,053","3,166","1,856",31,670,643,15,12,13.26%,43.90%,31.58%,55.32%,20.31%,0.81%,38.71%,,2024-12-18
427,26 Dec 2023,"4,812","3,043","1,741",28,634,610,17,7,13.18%,43.76%,31.58%,55.07%,20.05%,0.98%,25%,,2024-12-18
428,27 Dec 2023,"5,050","3,153","1,869",28,657,630,19,8,13.01%,43.96%,31.82%,55.38%,19.98%,1.02%,28.57%,,2024-12-18
429,28 Dec 2023,"4,715","2,861","1,825",29,618,578,25,15,13.11%,43.84%,31.71%,55.32%,20.20%,1.37%,51.72%,,2024-12-18
430,29 Dec 2023,"4,334","2,544","1,770",20,516,496,15,5,11.91%,44.05%,31.91%,55.56%,19.50%,0.85%,25%,,2024-12-18
431,30 Dec 2023,"4,429","2,652","1,760",17,572,545,19,8,12.91%,43.40%,31.22%,55.13%,20.55%,1.08%,47.06%,,2024-12-18
432,31 Dec 2023,"5,131","3,022","2,077",32,672,641,17,14,13.10%,43.30%,30.67%,55.31%,21.21%,0.82%,43.75%,,2024-12-18
433,1 Jan 2024,"4,283","2,597","1,658",28,658,616,30,12,15.36%,43.49%,31.46%,54.85%,23.72%,1.81%,42.86%,,2024-12-18
434,2 Jan 2024,"5,373","2,821","2,509",43,840,764,53,23,15.63%,43.80%,31.75%,55.13%,27.08%,2.11%,53.49%,,2024-12-18
435,3 Jan 2024,"4,421","2,429","1,963",29,657,620,24,13,14.86%,43.89%,31.63%,55.14%,25.52%,1.22%,44.83%,,2024-12-18
436,4 Jan 2024,"4,985","2,520","2,423",42,809,737,55,17,16.23%,43.95%,32.10%,55.38%,29.25%,2.27%,40.48%,,2024-12-18
437,5 Jan 2024,"3,157","1,506","1,631",20,572,532,34,6,18.12%,43.93%,31.88%,55.01%,35.33%,2.08%,30%,Roll-out of release: Started roll-out of 61 (1.6.0) at 20%.,2024-12-18
438,6 Jan 2024,"6,549","3,243","3,270",36,"1,043","1,006",31,6,15.93%,43.79%,31.74%,55.26%,31.02%,0.95%,16.67%,,2024-12-18
439,7 Jan 2024,"4,894","2,647","2,228",19,738,706,27,5,15.08%,44.24%,32.34%,55.56%,26.67%,1.21%,26.32%,Roll-out of release: Increased roll-out of 61 (1.6.0) to 100%.,2024-12-18
440,8 Jan 2024,"1,947","1,137",789,21,342,307,26,9,17.57%,44.30%,32.26%,55.39%,27%,3.30%,42.86%,Roll-out of release: Started roll-out of 62 (1.6.1) at 100%.,2024-12-18
441,9 Jan 2024,"2,522","2,097",411,14,513,483,23,7,20.34%,44.35%,32.47%,55.56%,23.03%,5.60%,50%,,2024-12-18
442,10 Jan 2024,"2,869","2,710",144,15,796,757,26,13,27.74%,44.09%,32.09%,55.56%,27.93%,18.06%,86.67%,,2024-12-18
443,11 Jan 2024,"2,269","2,085",162,22,612,583,17,12,26.97%,43.90%,32.14%,55.70%,27.96%,10.49%,54.55%,,2024-12-18
444,12 Jan 2024,"2,238","2,074",141,23,579,548,20,11,25.87%,43.42%,31.43%,54.55%,26.42%,14.18%,47.83%,,2024-12-18
445,13 Jan 2024,"2,994","2,822",141,31,687,649,20,18,22.95%,42.95%,31.38%,54.37%,23%,14.18%,58.06%,,2024-12-18
446,14 Jan 2024,"2,696","2,526",143,27,692,646,31,15,25.67%,44.52%,32.58%,55.85%,25.57%,21.68%,55.56%,,2024-12-18
447,15 Jan 2024,"2,603","2,435",148,20,662,626,25,11,25.43%,44.37%,32.14%,55.56%,25.71%,16.89%,55%,,2024-12-18
448,16 Jan 2024,"2,354","2,230",114,10,651,628,17,6,27.66%,44.19%,32.24%,55.71%,28.16%,14.91%,60%,,2024-12-18
449,17 Jan 2024,"2,211","2,061",133,17,628,590,23,15,28.40%,43.90%,31.84%,55.56%,28.63%,17.29%,88.24%,,2024-12-18
450,18 Jan 2024,"2,380","2,325",39,16,637,606,18,13,26.76%,44.44%,32.51%,55.98%,26.06%,46.15%,81.25%,,2024-12-18
451,19 Jan 2024,"2,357","2,295",38,24,638,620,4,14,27.07%,44.24%,32.14%,55.57%,27.02%,10.53%,58.33%,Roll-out of release: Started roll-out of 63 (1.6.2) at 100%.,2024-12-18
452,20 Jan 2024,"3,101","3,031",53,17,730,710,8,12,23.54%,43.98%,32%,55.56%,23.42%,15.09%,70.59%,,2024-12-18
453,21 Jan 2024,"2,368","2,304",37,27,711,689,4,18,30.03%,44.23%,32.14%,55.59%,29.90%,10.81%,66.67%,,2024-12-18
454,22 Jan 2024,"3,523","3,427",62,34,946,918,4,24,26.85%,44.96%,33.33%,56.36%,26.79%,6.45%,70.59%,,2024-12-18
455,23 Jan 2024,"3,088","3,032",32,24,832,813,5,14,26.94%,44.76%,33.33%,56.06%,26.81%,15.63%,58.33%,,2024-12-18
456,24 Jan 2024,"3,449","3,361",56,32,828,803,6,19,24.01%,45.34%,33.33%,56.67%,23.89%,10.71%,59.38%,,2024-12-18
457,25 Jan 2024,"3,592","3,498",44,50,975,936,4,35,27.14%,44.65%,32.97%,56.04%,26.76%,9.09%,70%,,2024-12-18
458,26 Jan 2024,"3,518","3,425",49,44,"1,031",988,11,32,29.31%,44.71%,32.91%,56%,28.85%,22.45%,72.73%,,2024-12-18
459,27 Jan 2024,"4,607","4,507",57,43,"1,372","1,332",9,31,29.78%,44.44%,32.56%,55.74%,29.55%,15.79%,72.09%,,2024-12-18
460,28 Jan 2024,"3,342","3,248",47,47,"1,152","1,114",3,35,34.47%,45.10%,33.33%,56.52%,34.30%,6.38%,74.47%,,2024-12-18
461,29 Jan 2024,"3,135","3,062",44,29,"1,021",990,8,23,32.57%,44.83%,33.33%,56%,32.33%,18.18%,79.31%,,2024-12-18
462,30 Jan 2024,"6,583","6,468",79,36,"1,939","1,900",14,25,29.45%,44.88%,33.33%,56.05%,29.38%,17.72%,69.44%,,2024-12-18
463,31 Jan 2024,"6,646","6,508",92,46,"2,037","1,997",12,28,30.65%,44.91%,33.33%,56.25%,30.69%,13.04%,60.87%,,2024-12-18
464,1 Feb 2024,"1,512","1,449",30,33,509,482,6,21,33.66%,45.21%,33.33%,56.52%,33.26%,20%,63.64%,,2024-12-18
465,2 Feb 2024,"2,475","2,405",33,37,883,853,3,27,35.68%,44.39%,32.73%,55.36%,35.47%,9.09%,72.97%,,2024-12-18
466,3 Feb 2024,"3,331","3,238",45,48,"1,062","1,030",2,30,31.88%,43.75%,32.15%,55.24%,31.81%,4.44%,62.50%,,2024-12-18
467,4 Feb 2024,"2,963","2,874",50,39,945,915,7,23,31.89%,44.66%,32.89%,55.70%,31.84%,14%,58.97%,,2024-12-18
468,5 Feb 2024,"3,536","3,443",56,37,969,933,8,28,27.40%,44.86%,33.33%,56%,27.10%,14.29%,75.68%,Roll-out of release: Started roll-out of 64 (1.6.3) at 100%.,2024-12-18
469,6 Feb 2024,"3,017","2,938",47,32,849,811,11,27,28.14%,44.44%,33.22%,55.70%,27.60%,23.40%,84.38%,,2024-12-18
470,7 Feb 2024,"3,397","3,292",64,41,890,850,10,30,26.20%,44.64%,33.26%,55.71%,25.82%,15.63%,73.17%,,2024-12-18
471,8 Feb 2024,"3,681","3,586",53,42,847,823,1,23,23.01%,44.44%,32.70%,55.56%,22.95%,1.89%,54.76%,,2024-12-18
472,9 Feb 2024,"3,446","3,350",52,44,847,815,6,26,24.58%,44.24%,32.88%,55.26%,24.33%,11.54%,59.09%,,2024-12-18
473,10 Feb 2024,"3,466","3,350",76,40,738,707,8,23,21.29%,43.90%,32.56%,55.17%,21.10%,10.53%,57.50%,,2024-12-18
474,11 Feb 2024,"3,206","3,105",68,33,870,840,10,20,27.14%,44.72%,33.33%,55.88%,27.05%,14.71%,60.61%,,2024-12-18
475,12 Feb 2024,"3,357","3,265",70,22,821,801,6,14,24.46%,44.91%,33.33%,56.02%,24.53%,8.57%,63.64%,,2024-12-18
476,13 Feb 2024,"3,641","3,568",51,22,829,808,6,15,22.77%,44.68%,33.33%,55.81%,22.65%,11.76%,68.18%,,2024-12-18
477,14 Feb 2024,"3,500","3,411",58,31,799,766,8,25,22.83%,44.90%,33.33%,56.03%,22.46%,13.79%,80.65%,,2024-12-18
478,15 Feb 2024,"3,429","3,324",77,28,812,786,8,18,23.68%,44.70%,33.14%,55.99%,23.65%,10.39%,64.29%,,2024-12-18
479,16 Feb 2024,"3,390","3,296",63,31,821,790,10,21,24.22%,44.44%,33.04%,55.56%,23.97%,15.87%,67.74%,,2024-12-18
480,17 Feb 2024,"3,819","3,730",54,35,878,847,7,24,22.99%,44.39%,32.50%,55.47%,22.71%,12.96%,68.57%,,2024-12-18
481,18 Feb 2024,"3,475","3,377",73,25,865,839,10,16,24.89%,44.70%,33.33%,55.70%,24.84%,13.70%,64%,,2024-12-18
482,19 Feb 2024,"3,504","3,403",74,27,886,862,8,16,25.29%,44.76%,33.13%,55.65%,25.33%,10.81%,59.26%,,2024-12-18
483,20 Feb 2024,"4,787","3,647","1,123",17,920,909,5,6,19.22%,44.83%,33.33%,55.88%,24.92%,0.45%,35.29%,,2024-12-18
484,21 Feb 2024,"5,660","3,597","2,038",25,907,885,6,16,16.02%,44.64%,33.33%,55.64%,24.60%,0.29%,64%,,2024-12-18
485,22 Feb 2024,"5,426","3,764","1,642",20,807,796,5,6,14.87%,44.60%,33.05%,55.74%,21.15%,0.30%,30%,,2024-12-18
486,23 Feb 2024,"4,285","3,432",832,21,759,746,10,3,17.71%,44.44%,32.81%,55.56%,21.74%,1.20%,14.29%,Roll-out of release: Started roll-out of 65 (1.6.4) at 20%. Roll-out of release: Increased roll-out of 65 (1.6.4) to 100%.,2024-12-18
487,24 Feb 2024,"4,119","3,315",790,14,759,753,4,2,18.43%,44.05%,32.50%,55.18%,22.71%,0.51%,14.29%,,2024-12-18
488,25 Feb 2024,"3,695","2,921",756,18,675,654,14,7,18.27%,44.44%,32.47%,55.56%,22.39%,1.85%,38.89%,,2024-12-18
489,26 Feb 2024,"3,716","2,957",736,23,712,685,20,7,19.16%,44.33%,32.95%,55.41%,23.17%,2.72%,30.43%,,2024-12-18
490,27 Feb 2024,"4,828","3,332","1,474",22,766,705,51,10,15.87%,44.44%,32.96%,55.54%,21.16%,3.46%,45.45%,,2024-12-18
491,28 Feb 2024,"5,509","3,500","1,982",27,836,774,54,8,15.18%,44.41%,33.01%,55.59%,22.11%,2.72%,29.63%,,2024-12-18
492,29 Feb 2024,"6,296","3,894","2,377",25,868,812,49,7,13.79%,44.44%,32.86%,55.56%,20.85%,2.06%,28%,,2024-12-18
493,1 Mar 2024,"4,154","2,767","1,363",24,677,613,58,6,16.30%,44.17%,32.50%,55.41%,22.15%,4.26%,25%,,2024-12-18
494,2 Mar 2024,"2,651","1,811",819,21,496,428,58,10,18.71%,44.19%,32.52%,55.56%,23.63%,7.08%,47.62%,,2024-12-18
495,3 Mar 2024,"3,074","2,106",946,22,566,520,36,10,18.41%,44.62%,32.99%,55.66%,24.69%,3.81%,45.45%,,2024-12-18
496,4 Mar 2024,"5,157","3,478","1,661",18,802,760,35,7,15.55%,44.44%,33.18%,55.82%,21.85%,2.11%,38.89%,,2024-12-18
497,5 Mar 2024,"4,988","3,161","1,808",19,751,696,48,7,15.06%,44.84%,33.33%,56.02%,22.02%,2.65%,36.84%,,2024-12-18
498,6 Mar 2024,"6,089","3,572","2,492",25,805,746,50,9,13.22%,45.07%,33.33%,56.46%,20.88%,2.01%,36%,,2024-12-18
499,7 Mar 2024,"6,358","3,687","2,639",32,756,698,44,14,11.89%,44.57%,32.98%,56.04%,18.93%,1.67%,43.75%,,2024-12-18
500,8 Mar 2024,"7,178","4,127","3,019",32,786,714,59,13,10.95%,44.74%,32.89%,55.85%,17.30%,1.95%,40.63%,,2024-12-18
501,9 Mar 2024,"6,737","4,098","2,620",19,758,688,59,11,11.25%,44.58%,32.86%,55.68%,16.79%,2.25%,57.89%,Roll-out of release: Started roll-out of 66 (1.6.5) at 100%.,2024-12-18
502,10 Mar 2024,"6,379","4,033","2,316",30,721,649,63,9,11.30%,44.87%,33.33%,56.25%,16.09%,2.72%,30%,,2024-12-18
503,11 Mar 2024,"7,510","4,729","2,721",60,873,777,66,30,11.62%,45%,33.33%,56.18%,16.43%,2.43%,50%,,2024-12-18
504,12 Mar 2024,"6,859","4,508","2,314",37,664,596,55,13,9.68%,44.83%,33.33%,55.75%,13.22%,2.38%,35.14%,,2024-12-18
505,13 Mar 2024,"5,905","3,894","1,987",24,524,472,43,9,8.87%,44.52%,33.06%,55.91%,12.12%,2.16%,37.50%,,2024-12-18
506,14 Mar 2024,"6,510","3,866","2,606",38,588,523,50,15,9.03%,44.62%,32.76%,55.56%,13.53%,1.92%,39.47%,,2024-12-18
507,15 Mar 2024,"8,595","4,497","4,059",39,786,715,57,14,9.14%,44.44%,33.01%,55.59%,15.90%,1.40%,35.90%,Roll-out of release: Started roll-out of 67 (1.6.5) at 20%.,2024-12-18
508,16 Mar 2024,"7,406","3,768","3,600",38,697,635,51,11,9.41%,44.35%,32.88%,55.78%,16.85%,1.42%,28.95%,Roll-out of release: Halted roll-out of 67 (1.6.5).,2024-12-18
509,17 Mar 2024,"6,565","3,607","2,927",31,683,631,37,15,10.40%,44.53%,33.02%,55.88%,17.49%,1.26%,48.39%,,2024-12-18
510,18 Mar 2024,"5,522","3,202","2,285",35,654,589,49,16,11.84%,44.44%,33.03%,55.67%,18.39%,2.14%,45.71%,,2024-12-18
511,19 Mar 2024,"5,766","3,446","2,273",47,730,670,43,17,12.66%,44.58%,33.33%,55.88%,19.44%,1.89%,36.17%,,2024-12-18
512,20 Mar 2024,"5,841","3,591","2,224",26,760,695,55,10,13.01%,44.44%,32.97%,55.55%,19.35%,2.47%,38.46%,,2024-12-18
513,21 Mar 2024,"5,408","3,499","1,886",23,734,673,55,6,13.57%,44.44%,32.63%,55.61%,19.23%,2.92%,26.09%,,2024-12-18
514,22 Mar 2024,"5,356","3,403","1,919",34,737,672,49,16,13.76%,44.26%,32.64%,55.38%,19.75%,2.55%,47.06%,,2024-12-18
515,23 Mar 2024,"5,650","3,391","2,218",41,756,682,61,13,13.38%,44.12%,32.56%,55.43%,20.11%,2.75%,31.71%,,2024-12-18
516,24 Mar 2024,"5,286","3,206","2,046",34,686,635,43,8,12.98%,44.19%,32.70%,55.56%,19.81%,2.10%,23.53%,,2024-12-18
517,25 Mar 2024,"5,449","3,169","2,221",59,702,629,52,21,12.88%,44.11%,32.27%,55.32%,19.85%,2.34%,35.59%,,2024-12-18
518,26 Mar 2024,"6,269","3,740","2,494",35,742,666,62,14,11.84%,44.26%,32.52%,55.39%,17.81%,2.49%,40%,,2024-12-18
519,27 Mar 2024,"6,035","3,386","2,609",40,727,645,65,17,12.05%,44.08%,32.47%,55.56%,19.05%,2.49%,42.50%,,2024-12-18
520,28 Mar 2024,"6,863","3,671","3,159",33,784,709,59,16,11.42%,43.75%,31.91%,55.05%,19.31%,1.87%,48.48%,,2024-12-18
521,29 Mar 2024,"6,890","3,675","3,175",40,816,723,75,18,11.84%,44.64%,32.65%,55.88%,19.67%,2.36%,45%,,2024-12-18
522,30 Mar 2024,"7,217","3,827","3,356",34,811,748,50,13,11.24%,44.70%,33.22%,56.36%,19.55%,1.49%,38.24%,Roll-out of release: Started roll-out of 70 (1.6.6) at 100%.,2024-12-18
523,31 Mar 2024,"8,095","4,378","3,684",33,870,785,74,11,10.75%,45.16%,33.33%,56.62%,17.93%,2.01%,33.33%,,2024-12-18
524,1 Apr 2024,"7,185","4,125","3,023",37,818,731,73,14,11.38%,45.16%,33.33%,56.52%,17.72%,2.41%,37.84%,,2024-12-18
525,2 Apr 2024,"6,285","3,701","2,559",25,682,600,71,11,10.85%,45.55%,33.33%,56.82%,16.21%,2.77%,44%,,2024-12-18
526,3 Apr 2024,"6,900","4,155","2,703",42,852,733,91,28,12.35%,45.95%,33.67%,57.14%,17.64%,3.37%,66.67%,,2024-12-18
527,4 Apr 2024,"5,361","3,474","1,868",19,580,534,41,5,10.82%,45.85%,33.33%,57.14%,15.37%,2.19%,26.32%,,2024-12-18
528,5 Apr 2024,"5,476","3,756","1,704",16,548,502,39,7,10.01%,45.23%,33.33%,56.55%,13.37%,2.29%,43.75%,,2024-12-18
529,6 Apr 2024,"5,043","3,383","1,643",17,535,490,40,5,10.61%,44.81%,33.12%,56.28%,14.48%,2.43%,29.41%,,2024-12-18
530,7 Apr 2024,"4,995","3,131","1,831",33,564,500,54,10,11.29%,44.68%,33.33%,56.25%,15.97%,2.95%,30.30%,,2024-12-18
531,8 Apr 2024,"4,854","3,132","1,699",23,534,483,41,10,11%,44.65%,33.33%,56.13%,15.42%,2.41%,43.48%,,2024-12-18
532,9 Apr 2024,"3,998","2,555","1,431",12,372,344,25,3,9.30%,45.44%,33.33%,57.14%,13.46%,1.75%,25%,,2024-12-18
533,10 Apr 2024,"5,239","3,306","1,913",20,544,501,32,11,10.38%,44.86%,32.95%,56.64%,15.15%,1.67%,55%,,2024-12-18
534,11 Apr 2024,"5,043","3,211","1,810",22,528,497,25,6,10.47%,44.86%,33.32%,56.25%,15.48%,1.38%,27.27%,,2024-12-18
535,12 Apr 2024,"5,359","3,117","2,205",37,689,623,50,16,12.86%,44.84%,33.33%,56.38%,19.99%,2.27%,43.24%,,2024-12-18
536,13 Apr 2024,"4,024","2,603","1,402",19,479,437,34,8,11.90%,44.83%,32.81%,56%,16.79%,2.43%,42.11%,,2024-12-18
537,14 Apr 2024,"4,520","2,825","1,663",32,482,431,37,14,10.66%,45.24%,33.33%,56.80%,15.26%,2.22%,43.75%,,2024-12-18
538,15 Apr 2024,"5,542","3,021","2,494",27,532,484,40,8,9.60%,45.11%,33.33%,56.51%,16.02%,1.60%,29.63%,,2024-12-18
539,16 Apr 2024,"6,529","3,377","3,128",24,597,555,33,9,9.14%,45.12%,33.33%,56.31%,16.43%,1.05%,37.50%,,2024-12-18
540,17 Apr 2024,"6,585","3,467","3,096",22,673,607,59,7,10.22%,45.45%,33.33%,56.70%,17.51%,1.91%,31.82%,,2024-12-18
541,18 Apr 2024,"6,290","3,237","3,015",38,659,592,58,9,10.48%,45.26%,33.33%,56.58%,18.29%,1.92%,23.68%,,2024-12-18
542,19 Apr 2024,"6,629","3,717","2,876",36,776,715,47,14,11.71%,45.45%,33.33%,56.52%,19.24%,1.63%,38.89%,Roll-out of release: Started roll-out of 71 (1.6.7) at 20%. Roll-out of release: Increased roll-out of 71 (1.6.7) to 100%.,2024-12-18
543,20 Apr 2024,"6,963","3,906","3,021",36,868,784,71,13,12.47%,44.97%,33.21%,56.47%,20.07%,2.35%,36.11%,Roll-out of release: Started roll-out of 72 (1.6.7) at 100%.,2024-12-18
544,21 Apr 2024,"6,514","3,574","2,904",36,772,704,50,18,11.85%,45.28%,33.33%,56.63%,19.70%,1.72%,50%,,2024-12-18
545,22 Apr 2024,"7,139","3,762","3,356",21,801,743,51,7,11.22%,45.53%,33.33%,56.86%,19.75%,1.52%,33.33%,,2024-12-18
546,23 Apr 2024,"6,801","3,729","3,040",32,801,734,54,13,11.78%,45.59%,33.36%,56.96%,19.68%,1.78%,40.63%,,2024-12-18
547,24 Apr 2024,"6,619","3,616","2,968",35,722,655,55,12,10.91%,45.45%,33.33%,56.81%,18.11%,1.85%,34.29%,,2024-12-18
548,25 Apr 2024,"6,947","3,737","3,177",33,670,617,41,12,9.64%,45.29%,33.33%,56.63%,16.51%,1.29%,36.36%,,2024-12-18
549,26 Apr 2024,"8,004","4,391","3,580",33,825,780,37,8,10.31%,45.45%,33.90%,56.77%,17.76%,1.03%,24.24%,,2024-12-18
550,27 Apr 2024,"7,374","4,288","3,055",31,744,685,50,9,10.09%,45.45%,33.63%,56.52%,15.97%,1.64%,29.03%,,2024-12-18
551,28 Apr 2024,"6,605","3,714","2,859",32,677,615,55,7,10.25%,46.15%,34.22%,57.14%,16.56%,1.92%,21.88%,,2024-12-18
552,29 Apr 2024,"6,789","3,996","2,759",34,698,658,32,8,10.28%,45.71%,34.24%,56.71%,16.47%,1.16%,23.53%,,2024-12-18
553,30 Apr 2024,"8,307","4,711","3,563",33,774,717,44,13,9.32%,44.85%,32.96%,56.06%,15.22%,1.23%,39.39%,,2024-12-18
554,1 May 2024,"6,363","3,923","2,386",54,639,576,39,24,10.04%,45.23%,33.33%,56.51%,14.68%,1.63%,44.44%,,2024-12-18
555,2 May 2024,"7,957","4,806","3,103",48,738,672,50,16,9.27%,45.81%,33.33%,56.94%,13.98%,1.61%,33.33%,,2024-12-18
556,3 May 2024,"6,513","3,964","2,506",43,625,581,32,12,9.60%,45.45%,33.33%,56.52%,14.66%,1.28%,27.91%,,2024-12-18
557,4 May 2024,"7,289","4,546","2,706",37,667,624,28,15,9.15%,44.83%,33.24%,56.25%,13.73%,1.03%,40.54%,Roll-out of release: Started roll-out of 73 (1.7.0) at 100%.,2024-12-18
558,5 May 2024,"5,836","3,657","2,155",24,566,531,25,10,9.70%,45.25%,33.33%,56.58%,14.52%,1.16%,41.67%,,2024-12-18
559,6 May 2024,"6,462","3,979","2,451",32,626,573,41,12,9.69%,45.76%,33.33%,56.82%,14.40%,1.67%,37.50%,,2024-12-18
560,7 May 2024,"6,336","3,774","2,511",51,618,555,44,19,9.75%,45.52%,33.33%,56.76%,14.71%,1.75%,37.25%,,2024-12-18
561,8 May 2024,"7,629","4,114","3,473",42,674,619,44,11,8.83%,45.45%,33.33%,56.67%,15.05%,1.27%,26.19%,,2024-12-18
562,9 May 2024,"7,325","3,870","3,416",39,688,633,39,16,9.39%,45.45%,33.33%,56.53%,16.36%,1.14%,41.03%,,2024-12-18
563,10 May 2024,"6,717","3,693","2,992",32,629,570,50,9,9.36%,45.31%,33.33%,56.76%,15.43%,1.67%,28.13%,,2024-12-18
564,11 May 2024,"7,765","4,363","3,375",27,696,644,37,15,8.96%,45.69%,34.15%,56.84%,14.76%,1.10%,55.56%,,2024-12-18
565,12 May 2024,"7,112","3,806","3,269",37,562,520,31,11,7.90%,45.71%,33.93%,56.67%,13.66%,0.95%,29.73%,,2024-12-18
566,13 May 2024,"7,380","3,986","3,356",38,628,576,37,15,8.51%,46%,34.25%,57.01%,14.45%,1.10%,39.47%,,2024-12-18
567,14 May 2024,"7,517","3,950","3,534",33,693,645,36,12,9.22%,46.18%,34.67%,57.14%,16.33%,1.02%,36.36%,,2024-12-18
568,15 May 2024,"7,139","3,899","3,215",25,667,617,43,7,9.34%,46.38%,35.09%,57.27%,15.82%,1.34%,28%,,2024-12-18
569,16 May 2024,"6,856","3,845","2,976",35,663,615,37,11,9.67%,45.43%,33.33%,56.78%,15.99%,1.24%,31.43%,,2024-12-18
570,17 May 2024,"6,832","3,839","2,965",28,618,574,36,8,9.05%,45.45%,33.33%,56.71%,14.95%,1.21%,28.57%,,2024-12-18
571,18 May 2024,"7,330","4,039","3,270",21,627,582,37,8,8.55%,45.25%,33.33%,56.25%,14.41%,1.13%,38.10%,,2024-12-18
572,19 May 2024,"6,228","3,513","2,689",26,585,548,27,10,9.39%,45.45%,33.33%,56.48%,15.60%,1%,38.46%,,2024-12-18
573,20 May 2024,"6,025","3,597","2,405",23,552,529,13,10,9.16%,45.45%,33.33%,56.52%,14.71%,0.54%,43.48%,,2024-12-18
574,21 May 2024,"5,457","3,507","1,922",28,620,589,23,8,11.36%,45.51%,33.63%,56.68%,16.79%,1.20%,28.57%,,2024-12-18
575,22 May 2024,"5,934","3,631","2,270",33,653,602,39,12,11%,45.26%,33.33%,56.25%,16.58%,1.72%,36.36%,,2024-12-18
576,23 May 2024,"5,878","3,605","2,242",31,624,576,35,13,10.62%,45.10%,33.33%,56.34%,15.98%,1.56%,41.94%,,2024-12-18
577,24 May 2024,"5,666","3,454","2,179",33,606,553,36,17,10.70%,45.41%,33.33%,56.25%,16.01%,1.65%,51.52%,,2024-12-18
578,25 May 2024,"6,025","3,640","2,345",40,634,598,24,12,10.52%,45.12%,33.33%,56.30%,16.43%,1.02%,30%,,2024-12-18
579,26 May 2024,"5,002","3,010","1,965",27,594,554,35,5,11.88%,45.26%,33.48%,56.34%,18.41%,1.78%,18.52%,,2024-12-18
580,27 May 2024,"5,043","3,059","1,965",19,615,575,31,9,12.20%,45.24%,33.48%,56.10%,18.80%,1.58%,47.37%,Roll-out of release: Started roll-out of 74 (1.8.0) at 20%. Roll-out of release: Increased roll-out of 74 (1.8.0) to 100%.,2024-12-18
581,28 May 2024,"4,625","2,763","1,830",32,580,516,46,18,12.54%,45.45%,33.65%,56.40%,18.68%,2.51%,56.25%,,2024-12-18
582,29 May 2024,"4,721","2,962","1,734",25,575,531,34,10,12.18%,45.45%,34%,56.46%,17.93%,1.96%,40%,Roll-out of release: Started roll-out of 75 (1.8.0) at 100%.,2024-12-18
583,30 May 2024,"4,241","2,760","1,457",24,601,551,37,13,14.17%,45.45%,33.33%,56.24%,19.96%,2.54%,54.17%,,2024-12-18
584,31 May 2024,"5,210","3,280","1,903",27,611,565,39,7,11.73%,45.16%,33.33%,56.06%,17.23%,2.05%,25.93%,Roll-out of release: Started roll-out of 76 (1.8.0) at 100%.,2024-12-18
585,1 Jun 2024,"5,152","3,373","1,756",23,614,573,34,7,11.92%,44.96%,33.33%,55.86%,16.99%,1.94%,30.43%,,2024-12-18
586,2 Jun 2024,"4,771","3,227","1,514",30,669,632,26,11,14.02%,45.11%,33.33%,56%,19.58%,1.72%,36.67%,,2024-12-18
587,3 Jun 2024,"4,529","2,950","1,534",45,602,549,41,12,13.29%,45.30%,33.33%,56.38%,18.61%,2.67%,26.67%,,2024-12-18
588,4 Jun 2024,"4,836","3,152","1,662",22,594,560,26,8,12.28%,45.45%,33.54%,56.64%,17.77%,1.56%,36.36%,,2024-12-18
589,5 Jun 2024,"5,156","3,503","1,624",29,623,574,35,14,12.08%,45.78%,33.90%,56.87%,16.39%,2.16%,48.28%,,2024-12-18
590,6 Jun 2024,"5,300","3,460","1,809",31,609,563,30,16,11.49%,45.31%,33.58%,56.20%,16.27%,1.66%,51.61%,,2024-12-18
591,7 Jun 2024,"5,831","3,689","2,107",35,663,620,34,9,11.37%,45.28%,33.48%,56.37%,16.81%,1.61%,25.71%,,2024-12-18
592,8 Jun 2024,"7,133","4,376","2,737",20,713,667,40,6,10%,45.21%,33.79%,56.67%,15.24%,1.46%,30%,,2024-12-18
593,9 Jun 2024,"6,518","4,013","2,482",23,661,621,30,10,10.14%,45.24%,33.33%,56.47%,15.47%,1.21%,43.48%,Roll-out of release: Started roll-out of 77 (1.8.1) at 20%. Roll-out of release: Increased roll-out of 77 (1.8.1) to 100%.,2024-12-18
594,10 Jun 2024,"5,807","3,576","2,196",35,622,581,33,8,10.71%,45.45%,33.72%,56.31%,16.25%,1.50%,22.86%,,2024-12-18
595,11 Jun 2024,"4,969","3,289","1,654",26,598,550,39,9,12.03%,45.25%,33.66%,56.41%,16.72%,2.36%,34.62%,,2024-12-18
596,12 Jun 2024,"5,126","3,415","1,684",27,617,587,28,2,12.04%,45.17%,33.33%,56.52%,17.19%,1.66%,7.41%,,2024-12-18
597,13 Jun 2024,"5,194","3,459","1,705",30,611,559,38,14,11.76%,45.26%,33.51%,56.52%,16.16%,2.23%,46.67%,,2024-12-18
598,14 Jun 2024,"4,738","3,202","1,507",29,599,552,37,10,12.64%,45.45%,33.54%,56.86%,17.24%,2.46%,34.48%,,2024-12-18
599,15 Jun 2024,"5,191","3,526","1,630",35,605,563,32,10,11.65%,45.45%,33.33%,57.14%,15.97%,1.96%,28.57%,,2024-12-18
600,16 Jun 2024,"4,899","3,275","1,600",24,596,554,36,6,12.17%,45.45%,33.33%,57.14%,16.92%,2.25%,25%,,2024-12-18
601,17 Jun 2024,"5,615","3,738","1,843",34,655,613,36,6,11.67%,45.45%,33.33%,56.69%,16.40%,1.95%,17.65%,,2024-12-18
602,18 Jun 2024,"5,231","3,436","1,747",48,643,589,39,15,12.29%,45.95%,34.05%,57.58%,17.14%,2.23%,31.25%,,2024-12-18
603,19 Jun 2024,"4,889","3,196","1,650",43,595,545,38,12,12.17%,45.83%,34%,57.14%,17.05%,2.30%,27.91%,,2024-12-18
604,20 Jun 2024,"4,572","3,109","1,423",40,622,584,25,13,13.60%,46.04%,33.97%,57.40%,18.78%,1.76%,32.50%,,2024-12-18
605,21 Jun 2024,"4,443","3,166","1,242",35,588,550,30,8,13.23%,45.79%,34.29%,56.94%,17.37%,2.42%,22.86%,,2024-12-18
606,22 Jun 2024,"4,711","3,268","1,401",42,666,615,37,14,14.14%,45.59%,33.33%,57.14%,18.82%,2.64%,33.33%,,2024-12-18
607,23 Jun 2024,"5,537","3,674","1,829",34,703,649,35,19,12.70%,46.05%,34.15%,57.14%,17.66%,1.91%,55.88%,,2024-12-18
608,24 Jun 2024,"5,111","3,454","1,623",34,586,550,25,11,11.47%,46.04%,34.22%,57.14%,15.92%,1.54%,32.35%,,2024-12-18
609,25 Jun 2024,"5,223","3,485","1,699",39,622,583,23,16,11.91%,46.09%,34.09%,57.45%,16.73%,1.35%,41.03%,Roll-out of release: Started roll-out of 78 (1.8.2) at 100%.,2024-12-18
610,26 Jun 2024,"4,393","3,011","1,356",26,517,488,25,4,11.77%,46.07%,34.15%,57.32%,16.21%,1.84%,15.38%,,2024-12-18
611,27 Jun 2024,"4,639","3,130","1,475",34,537,510,14,13,11.58%,45.53%,33.58%,56.67%,16.29%,0.95%,38.24%,,2024-12-18
612,28 Jun 2024,"4,756","3,116","1,610",30,518,477,30,11,10.89%,44.90%,33.33%,55.79%,15.31%,1.86%,36.67%,,2024-12-18
613,29 Jun 2024,"4,687","3,051","1,604",32,533,500,24,9,11.37%,45%,33.33%,56%,16.39%,1.50%,28.13%,,2024-12-18
614,30 Jun 2024,"4,679","3,089","1,561",29,582,543,27,12,12.44%,45.19%,33.33%,56.33%,17.58%,1.73%,41.38%,,2024-12-18
615,1 Jul 2024,"4,557","2,992","1,543",22,573,536,31,6,12.57%,45.24%,33.33%,56.52%,17.91%,2.01%,27.27%,,2024-12-18
616,2 Jul 2024,"4,645","3,056","1,566",23,576,527,38,11,12.40%,45.45%,33.65%,56.44%,17.24%,2.43%,47.83%,,2024-12-18
617,3 Jul 2024,"4,780","3,144","1,599",37,579,525,41,13,12.11%,45.60%,33.56%,56.93%,16.70%,2.56%,35.14%,,2024-12-18
618,4 Jul 2024,"4,377","2,863","1,482",32,547,523,13,11,12.50%,45.28%,33.56%,56.51%,18.27%,0.88%,34.38%,,2024-12-18
619,5 Jul 2024,"4,565","2,965","1,573",27,537,498,30,9,11.76%,45.03%,33.33%,56%,16.80%,1.91%,33.33%,,2024-12-18
620,6 Jul 2024,"4,252","2,732","1,491",29,574,527,37,10,13.50%,45.45%,33.33%,56.34%,19.29%,2.48%,34.48%,,2024-12-18
621,7 Jul 2024,"4,305","2,881","1,390",34,537,495,21,21,12.47%,45.45%,33.68%,56.52%,17.18%,1.51%,61.76%,,2024-12-18
622,8 Jul 2024,"2,235","1,480",729,26,292,266,15,11,13.06%,45.13%,33.55%,56.10%,17.97%,2.06%,42.31%,Roll-out of release: Started roll-out of 79 (1.8.3) at 20%. Roll-out of release: Increased roll-out of 79 (1.8.3) to 100%.,2024-12-18
623,9 Jul 2024,"6,497","4,305","2,168",24,705,674,23,8,10.85%,45.45%,33.83%,56.60%,15.66%,1.06%,33.33%,,2024-12-18
624,10 Jul 2024,"4,318","2,812","1,474",32,588,538,39,11,13.62%,45.45%,33.61%,56.52%,19.13%,2.65%,34.38%,,2024-12-18
625,11 Jul 2024,"4,562","2,952","1,580",30,543,500,34,9,11.90%,45.45%,33.78%,56.38%,16.94%,2.15%,30%,,2024-12-18
626,12 Jul 2024,"4,540","3,111","1,392",37,558,525,23,10,12.29%,45.43%,33.50%,56.25%,16.88%,1.65%,27.03%,,2024-12-18
627,13 Jul 2024,"4,437","3,081","1,331",25,581,556,17,8,13.09%,45%,33.33%,56.17%,18.05%,1.28%,32%,,2024-12-18
628,14 Jul 2024,"4,375","2,986","1,365",24,558,526,24,8,12.75%,45.63%,33.99%,56.64%,17.62%,1.76%,33.33%,,2024-12-18
629,15 Jul 2024,"4,285","2,948","1,305",32,569,540,18,11,13.28%,45.59%,33.93%,56.25%,18.32%,1.38%,34.38%,,2024-12-18
630,16 Jul 2024,"4,762","3,150","1,577",35,556,529,20,7,11.68%,45.45%,33.60%,56.44%,16.79%,1.27%,20%,,2024-12-18
631,17 Jul 2024,"4,290","2,856","1,401",33,510,490,13,7,11.89%,45.45%,33.86%,56.76%,17.16%,0.93%,21.21%,,2024-12-18
632,18 Jul 2024,"4,576","3,053","1,493",30,560,530,20,10,12.24%,45.67%,34.09%,56.60%,17.36%,1.34%,33.33%,,2024-12-18
633,19 Jul 2024,"4,375","2,932","1,414",29,529,492,25,12,12.09%,45.43%,33.33%,56.17%,16.78%,1.77%,41.38%,,2024-12-18
634,20 Jul 2024,"4,700","3,096","1,565",39,542,507,27,8,11.53%,45.54%,33.72%,56.83%,16.38%,1.73%,20.51%,,2024-12-18
635,21 Jul 2024,"4,466","2,780","1,634",52,640,577,36,27,14.33%,45.45%,33.96%,56.52%,20.76%,2.20%,51.92%,,2024-12-18
636,22 Jul 2024,"3,939","2,586","1,310",43,542,512,17,13,13.76%,45.45%,33.89%,56.45%,19.80%,1.30%,30.23%,,2024-12-18
637,23 Jul 2024,"4,078","2,698","1,342",38,567,542,16,9,13.90%,45.48%,34.11%,56.67%,20.09%,1.19%,23.68%,,2024-12-18
638,24 Jul 2024,"4,071","2,536","1,511",24,534,503,21,10,13.12%,45.11%,33.38%,56.14%,19.83%,1.39%,41.67%,,2024-12-18
639,25 Jul 2024,"4,235","2,797","1,417",21,543,511,21,11,12.82%,45.55%,34.24%,56.54%,18.27%,1.48%,52.38%,,2024-12-18
640,26 Jul 2024,"4,257","2,791","1,433",33,552,510,29,13,12.97%,45.40%,33.33%,56.42%,18.27%,2.02%,39.39%,,2024-12-18
641,27 Jul 2024,"4,201","2,699","1,461",41,512,471,27,14,12.19%,45.24%,33.69%,56.01%,17.45%,1.85%,34.15%,,2024-12-18
642,28 Jul 2024,"3,888","2,445","1,416",27,506,466,27,13,13.01%,46.07%,34.64%,56.84%,19.06%,1.91%,48.15%,,2024-12-18
643,29 Jul 2024,"3,716","2,527","1,168",21,556,525,24,7,14.96%,45.69%,34.46%,56.62%,20.78%,2.05%,33.33%,,2024-12-18
644,30 Jul 2024,"3,446","2,444",979,23,502,477,15,10,14.57%,46.38%,34.92%,57.14%,19.52%,1.53%,43.48%,,2024-12-18
645,31 Jul 2024,"3,879","2,673","1,178",28,564,539,13,12,14.54%,45.90%,34.35%,56.70%,20.16%,1.10%,42.86%,,2024-12-18
646,1 Aug 2024,"3,682","2,547","1,104",31,516,481,18,17,14.01%,46.67%,35.11%,57.63%,18.88%,1.63%,54.84%,,2024-12-18
647,2 Aug 2024,"4,374","2,930","1,418",26,562,525,25,12,12.85%,45.98%,34.75%,56.76%,17.92%,1.76%,46.15%,,2024-12-18
648,3 Aug 2024,"4,906","3,307","1,570",29,607,583,18,6,12.37%,45.93%,34.28%,56.82%,17.63%,1.15%,20.69%,,2024-12-18
649,4 Aug 2024,"3,958","2,631","1,304",23,552,525,22,5,13.95%,45.68%,34.21%,56.44%,19.95%,1.69%,21.74%,,2024-12-18
650,5 Aug 2024,"4,000","2,719","1,262",19,514,491,17,6,12.85%,45.79%,34.62%,56.67%,18.06%,1.35%,31.58%,,2024-12-18
651,6 Aug 2024,"4,056","2,753","1,280",23,491,459,24,8,12.11%,46%,34.71%,57%,16.67%,1.88%,34.78%,,2024-12-18
652,7 Aug 2024,"4,084","2,801","1,252",31,528,495,17,16,12.93%,46.30%,34.69%,57.14%,17.67%,1.36%,51.61%,,2024-12-18
653,8 Aug 2024,"2,284","1,476",794,14,233,211,15,7,10.20%,46.13%,34.62%,57.03%,14.30%,1.89%,50%,,2024-12-18
654,9 Aug 2024,10,9,1,0,0,0,0,0,0%,45.45%,33.68%,56.29%,0%,0%,0%,,2024-12-18
655,10 Aug 2024,1,1,0,0,0,0,0,0,0%,45.45%,33.80%,56.78%,0%,0%,0%,,2024-12-18
656,11 Aug 2024,4,4,0,0,0,0,0,0,0%,45.45%,33.93%,56.41%,0%,0%,0%,,2024-12-18
657,12 Aug 2024,0,0,0,0,0,0,0,0,0%,45.83%,34.27%,56.68%,0%,0%,0%,,2024-12-18
658,13 Aug 2024,0,0,0,0,0,0,0,0,0%,46.15%,34.56%,57.14%,0%,0%,0%,,2024-12-18
659,14 Aug 2024,0,0,0,0,0,0,0,0,0%,46.20%,34.55%,57.14%,0%,0%,0%,,2024-12-18
660,15 Aug 2024,154,7,126,21,30,2,16,12,19.48%,45.69%,34.19%,56.52%,28.57%,12.70%,57.14%,Roll-out of release: Started roll-out of 80 (1.9.0) at 100%.,2024-12-18
661,16 Aug 2024,172,8,146,18,16,2,8,6,9.30%,45.71%,33.86%,56.51%,25%,5.48%,33.33%,,2024-12-18
662,17 Aug 2024,"1,398","1,043",338,17,165,142,12,11,11.80%,45.65%,33.90%,56.49%,13.61%,3.55%,64.71%,,2024-12-18
663,18 Aug 2024,"1,687","1,256",418,13,223,205,12,6,13.22%,45.78%,34.29%,56.63%,16.32%,2.87%,46.15%,,2024-12-18
664,19 Aug 2024,"1,438",924,498,16,172,153,10,9,11.96%,45.90%,34.47%,56.59%,16.56%,2.01%,56.25%,,2024-12-18
665,20 Aug 2024,"1,453",943,499,11,176,155,13,8,12.11%,46.64%,35.02%,57.41%,16.44%,2.61%,72.73%,,2024-12-18
666,21 Aug 2024,"1,876","1,182",677,17,191,167,17,7,10.18%,46.38%,34.83%,56.93%,14.13%,2.51%,41.18%,,2024-12-18
667,22 Aug 2024,"1,858","1,179",663,16,205,187,15,3,11.03%,45.71%,34.43%,56.37%,15.86%,2.26%,18.75%,,2024-12-18
668,23 Aug 2024,"2,240","1,447",770,23,237,205,22,10,10.58%,45.45%,34.03%,56.25%,14.17%,2.86%,43.48%,,2024-12-18
669,24 Aug 2024,"2,633","1,639",969,25,287,258,20,9,10.90%,45.24%,33.67%,56.25%,15.74%,2.06%,36%,,2024-12-18
670,25 Aug 2024,"2,184","1,324",832,28,227,206,13,8,10.39%,46.15%,34.61%,56.95%,15.56%,1.56%,28.57%,,2024-12-18
671,26 Aug 2024,"2,222","1,309",891,22,236,212,18,6,10.62%,46%,34.45%,56.39%,16.20%,2.02%,27.27%,,2024-12-18
672,27 Aug 2024,"2,245","1,389",832,24,237,215,16,6,10.56%,46.30%,35%,57.05%,15.48%,1.92%,25%,,2024-12-18
673,28 Aug 2024,"2,211","1,330",862,19,218,189,22,7,9.86%,46.13%,34.94%,56.52%,14.21%,2.55%,36.84%,,2024-12-18
674,29 Aug 2024,"2,285","1,390",877,18,226,202,17,7,9.89%,45.99%,34.87%,56.67%,14.53%,1.94%,38.89%,,2024-12-18
675,30 Aug 2024,"2,403","1,444",939,20,241,217,13,11,10.03%,45.85%,34.52%,56.44%,15.03%,1.38%,55%,,2024-12-18
676,31 Aug 2024,"2,534","1,561",962,11,218,203,11,4,8.60%,45.72%,34.21%,56.41%,13%,1.14%,36.36%,,2024-12-18
677,1 Sept 2024,"5,242","3,511","1,711",20,627,598,17,12,11.96%,46.15%,34.56%,56.76%,17.03%,0.99%,60%,,2024-12-18
678,2 Sept 2024,"4,343","2,974","1,356",13,531,513,12,6,12.23%,45.83%,34.62%,56.67%,17.25%,0.88%,46.15%,,2024-12-18
679,3 Sept 2024,"5,029","3,222","1,786",21,571,551,13,7,11.35%,45.86%,34.38%,56.67%,17.10%,0.73%,33.33%,,2024-12-18
680,4 Sept 2024,"3,653","2,561","1,068",24,437,407,14,16,11.96%,46.15%,34.82%,57.14%,15.89%,1.31%,66.67%,,2024-12-18
681,5 Sept 2024,"4,146","2,835","1,277",34,479,452,15,12,11.55%,46.07%,34.78%,56.91%,15.94%,1.17%,35.29%,,2024-12-18
682,6 Sept 2024,"4,517","3,056","1,436",25,480,453,17,10,10.63%,46%,34.38%,56.88%,14.82%,1.18%,40%,,2024-12-18
683,7 Sept 2024,"4,743","3,250","1,469",24,495,466,21,8,10.44%,45.45%,34.02%,56.31%,14.34%,1.43%,33.33%,,2024-12-18
684,8 Sept 2024,"3,924","2,694","1,222",8,465,443,21,1,11.85%,46.15%,34.78%,56.86%,16.44%,1.72%,12.50%,,2024-12-18
685,9 Sept 2024,"4,790","4,601",169,20,566,534,28,4,11.82%,46.46%,34.92%,57.38%,11.61%,16.57%,20%,,2024-12-18
686,10 Sept 2024,"3,726","3,552",151,23,503,470,23,10,13.50%,46.26%,35.21%,56.98%,13.23%,15.23%,43.48%,,2024-12-18
687,11 Sept 2024,"4,339","4,205",115,19,538,522,11,5,12.40%,46.64%,35.31%,57.35%,12.41%,9.57%,26.32%,,2024-12-18
688,12 Sept 2024,"4,413","4,271",111,31,538,509,15,14,12.19%,46.33%,35%,56.74%,11.92%,13.51%,45.16%,Roll-out of release: Started roll-out of 81 (1.9.1) at 100%.,2024-12-18
689,13 Sept 2024,"4,478","4,299",161,18,511,486,17,8,11.41%,45.96%,34.61%,56.74%,11.30%,10.56%,44.44%,,2024-12-18
690,14 Sept 2024,"4,716","4,494",200,22,481,455,18,8,10.20%,45.61%,34.42%,56.60%,10.12%,9%,36.36%,,2024-12-18
691,15 Sept 2024,"4,656","4,411",220,25,488,453,22,13,10.48%,46.47%,35.41%,57.38%,10.27%,10%,52%,,2024-12-18
692,16 Sept 2024,"3,834","3,654",160,20,438,409,22,7,11.42%,46.43%,34.88%,56.86%,11.19%,13.75%,35%,,2024-12-18
693,17 Sept 2024,"4,155","3,944",187,24,421,387,24,10,10.13%,46.91%,35.50%,57.58%,9.81%,12.83%,41.67%,,2024-12-18
694,18 Sept 2024,"4,995","4,770",206,19,463,433,26,4,9.27%,46.51%,35.17%,57.14%,9.08%,12.62%,21.05%,,2024-12-18
695,19 Sept 2024,"5,217","5,012",185,20,619,588,23,8,11.87%,46.30%,34.98%,56.92%,11.73%,12.43%,40%,,2024-12-18
696,20 Sept 2024,"4,651","4,475",160,16,465,441,20,4,10%,46.15%,34.85%,56.78%,9.85%,12.50%,25%,,2024-12-18
697,21 Sept 2024,"5,402","5,250",136,16,500,487,7,6,9.26%,45.81%,34.30%,56.52%,9.28%,5.15%,37.50%,,2024-12-18
698,22 Sept 2024,"4,110","3,970",119,21,468,446,15,7,11.39%,46.51%,35%,57.14%,11.23%,12.61%,33.33%,,2024-12-18
699,23 Sept 2024,"4,371","4,183",173,15,447,415,24,8,10.23%,47.14%,35.64%,57.97%,9.92%,13.87%,53.33%,,2024-12-18
700,24 Sept 2024,"3,959","3,765",166,28,435,398,22,15,10.99%,46.74%,35.45%,57.44%,10.57%,13.25%,53.57%,,2024-12-18
701,25 Sept 2024,"4,210","4,054",138,18,466,441,20,5,11.07%,46.67%,35.71%,57.33%,10.88%,14.49%,27.78%,,2024-12-18
702,26 Sept 2024,"4,115","3,961",140,14,426,402,18,6,10.35%,46.08%,34.81%,56.84%,10.15%,12.86%,42.86%,,2024-12-18
703,27 Sept 2024,"4,076","3,935",129,12,382,368,7,7,9.37%,46.15%,34.69%,56.95%,9.35%,5.43%,58.33%,,2024-12-18
704,28 Sept 2024,"4,237","4,101",122,14,394,387,5,2,9.30%,45.76%,34.48%,56.48%,9.44%,4.10%,14.29%,,2024-12-18
705,29 Sept 2024,"3,490","3,354",119,17,485,457,18,10,13.90%,46.30%,35.26%,56.88%,13.63%,15.13%,58.82%,,2024-12-18
706,30 Sept 2024,"3,421","3,287",115,19,427,395,19,13,12.48%,46.29%,35.29%,56.93%,12.02%,16.52%,68.42%,,2024-12-18
707,1 Oct 2024,"3,603","3,465",121,17,476,454,14,8,13.21%,46.38%,34.88%,57.11%,13.10%,11.57%,47.06%,Roll-out of release: Started roll-out of 83 (1.9.2) at 100%.,2024-12-18
708,2 Oct 2024,"3,519","3,371",131,17,465,440,17,8,13.21%,42.96%,32.31%,52.94%,13.05%,12.98%,47.06%,,2024-12-18
709,3 Oct 2024,"3,712","3,561",132,19,416,394,18,4,11.21%,42.69%,31.96%,52.78%,11.06%,13.64%,21.05%,,2024-12-18
710,4 Oct 2024,"4,029","3,868",144,17,462,439,14,9,11.47%,42.86%,32.14%,53.33%,11.35%,9.72%,52.94%,,2024-12-18
711,5 Oct 2024,"4,524","4,348",159,17,477,460,11,6,10.54%,41.76%,31.35%,52.11%,10.58%,6.92%,35.29%,,2024-12-18
712,6 Oct 2024,"3,724","3,560",149,15,399,381,12,6,10.71%,42.39%,31.82%,52.55%,10.70%,8.05%,40%,,2024-12-18
713,7 Oct 2024,"3,957","3,791",144,22,438,420,9,9,11.07%,43.33%,32.38%,53.27%,11.08%,6.25%,40.91%,,2024-12-18
714,8 Oct 2024,"4,313","4,138",143,32,507,475,18,14,11.76%,43.80%,32.71%,54.12%,11.48%,12.59%,43.75%,,2024-12-18
715,9 Oct 2024,"4,078","3,898",159,21,480,445,19,16,11.77%,45.45%,33.90%,56.01%,11.42%,11.95%,76.19%,,2024-12-18
716,10 Oct 2024,"3,764","3,586",151,27,465,434,18,13,12.35%,43.31%,32.61%,53.52%,12.10%,11.92%,48.15%,,2024-12-18
717,11 Oct 2024,"3,709","3,549",140,20,395,371,14,10,10.65%,42.76%,32.28%,53.08%,10.45%,10%,50%,,2024-12-18
718,12 Oct 2024,"4,653","4,469",169,15,582,556,18,8,12.51%,42.42%,32%,52.23%,12.44%,10.65%,53.33%,,2024-12-18
719,13 Oct 2024,"3,911","3,748",143,20,567,531,24,12,14.50%,50.85%,39.27%,61.20%,14.17%,16.78%,60%,,2024-12-18
720,14 Oct 2024,"4,298","4,110",179,9,614,583,25,6,14.29%,50.90%,39.32%,61.22%,14.18%,13.97%,66.67%,,2024-12-18
721,15 Oct 2024,"3,943","3,793",125,25,530,500,21,9,13.44%,43.11%,32.67%,52.78%,13.18%,16.80%,36%,,2024-12-18
722,16 Oct 2024,"3,841","3,654",166,21,556,520,24,12,14.48%,43.76%,32.95%,53.85%,14.23%,14.46%,57.14%,,2024-12-18
723,17 Oct 2024,"3,935","3,765",155,15,535,506,22,7,13.60%,43.06%,32.66%,52.80%,13.44%,14.19%,46.67%,,2024-12-18
724,18 Oct 2024,"4,201","4,010",169,22,559,531,18,10,13.31%,42.86%,32.14%,52.44%,13.24%,10.65%,45.45%,,2024-12-18
725,19 Oct 2024,"4,836","4,608",206,22,613,575,27,11,12.68%,44.83%,33.33%,55.56%,12.48%,13.11%,50%,,2024-12-18
726,20 Oct 2024,"4,211","3,990",192,29,590,537,32,21,14.01%,45.35%,33.71%,55.77%,13.46%,16.67%,72.41%,,2024-12-18
727,21 Oct 2024,"4,020","3,873",131,16,493,461,25,7,12.26%,42.86%,32.56%,52.99%,11.90%,19.08%,43.75%,,2024-12-18
728,22 Oct 2024,"3,630","3,487",121,22,562,534,19,9,15.48%,43.84%,33.33%,53.66%,15.31%,15.70%,40.91%,,2024-12-18
729,23 Oct 2024,"3,818","3,673",115,30,499,464,23,12,13.07%,43.05%,32.50%,52.94%,12.63%,20%,40%,,2024-12-18
730,24 Oct 2024,"4,728","4,587",121,20,507,478,19,10,10.72%,42.86%,32.39%,52.78%,10.42%,15.70%,50%,,2024-12-18
731,25 Oct 2024,"4,672","4,477",174,21,471,441,25,5,10.08%,42.71%,32.26%,52.94%,9.85%,14.37%,23.81%,,2024-12-18
732,26 Oct 2024,"4,813","4,629",159,25,443,402,25,16,9.20%,50%,38.64%,60.87%,8.68%,15.72%,64%,,2024-12-18
733,27 Oct 2024,"4,203","4,041",149,13,379,362,12,5,9.02%,44.56%,33.33%,55%,8.96%,8.05%,38.46%,,2024-12-18
734,28 Oct 2024,"4,602","4,454",126,22,389,367,14,8,8.45%,43.33%,32.67%,53.50%,8.24%,11.11%,36.36%,Roll-out of release: Started roll-out of 84 (1.10.1) at 100%.,2024-12-18
735,29 Oct 2024,"3,922","3,795",102,25,380,354,18,8,9.69%,43.94%,33.33%,54.29%,9.33%,17.65%,32%,Roll-out of release: Started roll-out of 85 (1.10.1) at 20%. Roll-out of release: Increased roll-out of 85 (1.10.1) to 100%.,2024-12-18
736,30 Oct 2024,"4,476","4,321",134,21,409,391,7,11,9.14%,43.14%,32.67%,53.24%,9.05%,5.22%,52.38%,,2024-12-18
737,31 Oct 2024,"6,792","6,636",131,25,589,559,18,12,8.67%,42.86%,32.26%,52.68%,8.42%,13.74%,48%,,2024-12-18
738,31 Oct 2024,"6,792","6,636",131,25,589,559,18,12,8.67%,42.86%,32.26%,52.68%,8.42%,13.74%,48%,,2024-12-18
739,1 Nov 2024,"5,094","4,930",144,20,468,448,15,5,9.19%,42.58%,32.39%,52.38%,9.09%,10.42%,25%,,2024-12-18
740,2 Nov 2024,"6,965","6,758",187,20,582,562,16,4,8.36%,42.42%,31.91%,52.43%,8.32%,8.56%,20%,,2024-12-18
741,3 Nov 2024,"6,383","6,188",172,23,580,560,14,6,9.09%,43%,32.46%,53.09%,9.05%,8.14%,26.09%,,2024-12-18
742,4 Nov 2024,"6,922","6,766",138,18,587,567,13,7,8.48%,43.28%,32.59%,53.27%,8.38%,9.42%,38.89%,,2024-12-18
743,5 Nov 2024,"6,698","6,546",129,23,536,511,18,7,8%,43.26%,32.76%,53.02%,7.81%,13.95%,30.43%,,2024-12-18
744,6 Nov 2024,"6,102","5,960",119,23,532,513,8,11,8.72%,43.50%,33.04%,53.31%,8.61%,6.72%,47.83%,,2024-12-18
745,7 Nov 2024,"6,021","5,868",140,13,493,473,17,3,8.19%,42.91%,32.70%,52.89%,8.06%,12.14%,23.08%,,2024-12-18
746,8 Nov 2024,"6,258","6,097",152,9,483,451,28,4,7.72%,50.37%,38.86%,61.02%,7.40%,18.42%,44.44%,,2024-12-18
747,9 Nov 2024,"6,969","6,746",204,19,543,517,18,8,7.79%,42.72%,32.09%,52.61%,7.66%,8.82%,42.11%,,2024-12-18
748,10 Nov 2024,"5,215","5,022",179,14,481,459,19,3,9.22%,42.86%,32.26%,52.56%,9.14%,10.61%,21.43%,,2024-12-18
749,11 Nov 2024,"5,471","5,276",179,16,490,463,19,8,8.96%,43.59%,33.24%,53.41%,8.78%,10.61%,50%,,2024-12-18
750,12 Nov 2024,"4,827","4,663",151,13,502,479,16,7,10.40%,50.93%,39.71%,61.33%,10.27%,10.60%,53.85%,,2024-12-18
751,13 Nov 2024,"6,159","5,986",156,17,566,551,12,3,9.19%,42.98%,32.50%,52.65%,9.20%,7.69%,17.65%,,2024-12-18
752,14 Nov 2024,"6,056","5,898",143,15,497,479,13,5,8.21%,44.12%,33.33%,54.17%,8.12%,9.09%,33.33%,,2024-12-18
753,15 Nov 2024,"5,609","5,420",173,16,534,516,15,3,9.52%,42.86%,32.14%,52.63%,9.52%,8.67%,18.75%,,2024-12-18
754,16 Nov 2024,"5,424","5,213",199,12,483,456,21,6,8.90%,42.86%,32.18%,52.55%,8.75%,10.55%,50%,,2024-12-18
755,17 Nov 2024,"4,393","4,214",160,19,469,440,23,6,10.68%,43.75%,33.33%,53.66%,10.44%,14.38%,31.58%,,2024-12-18
756,18 Nov 2024,432,297,122,13,69,50,11,8,15.97%,43.90%,33.33%,53.73%,16.84%,9.02%,61.54%,,2024-12-18
757,19 Nov 2024,205,91,106,8,40,23,14,3,19.51%,43.33%,32.71%,53.24%,25.27%,13.21%,37.50%,,2024-12-18
758,20 Nov 2024,161,58,91,12,35,12,16,7,21.74%,43.53%,33.05%,53.31%,20.69%,17.58%,58.33%,,2024-12-18
759,21 Nov 2024,166,45,105,16,32,10,13,9,19.28%,43.50%,33%,53.60%,22.22%,12.38%,56.25%,,2024-12-18
760,22 Nov 2024,165,39,112,14,29,9,14,6,17.58%,43.14%,32.35%,53.13%,23.08%,12.50%,42.86%,,2024-12-18
761,23 Nov 2024,169,34,124,11,26,10,9,7,15.38%,42.86%,32.01%,52.94%,29.41%,7.26%,63.64%,,2024-12-18
762,24 Nov 2024,157,30,115,12,34,11,14,9,21.66%,47.36%,35.58%,57.83%,36.67%,12.17%,75%,,2024-12-18
763,25 Nov 2024,137,18,108,11,21,5,11,5,15.33%,44.12%,33.33%,54%,27.78%,10.19%,45.45%,,2024-12-18
764,26 Nov 2024,168,29,126,13,19,6,8,5,11.31%,43.42%,33.21%,53.42%,20.69%,6.35%,38.46%,,2024-12-18
765,27 Nov 2024,156,30,110,16,34,10,15,9,21.79%,44.19%,33.33%,54.55%,33.33%,13.64%,56.25%,,2024-12-18
766,28 Nov 2024,156,18,131,7,22,6,13,3,14.10%,44.12%,33.26%,54.12%,33.33%,9.92%,42.86%,,2024-12-18
767,29 Nov 2024,172,21,138,13,28,4,16,8,16.28%,42.99%,32.55%,52.78%,19.05%,11.59%,61.54%,,2024-12-18
768,30 Nov 2024,147,22,116,9,16,5,9,2,10.88%,42.86%,32.20%,52.88%,22.73%,7.76%,22.22%,,2024-12-18
769,1 Dec 2024,156,36,112,8,35,14,17,4,22.44%,43.84%,33%,53.57%,38.89%,15.18%,50%,,2024-12-18
770,2 Dec 2024,151,25,111,15,19,7,9,3,12.58%,44.23%,33.33%,54.17%,28%,8.11%,20%,,2024-12-18
771,3 Dec 2024,184,30,148,6,20,6,12,2,10.87%,43.57%,33.08%,53.57%,20%,8.11%,33.33%,,2024-12-18
772,4 Dec 2024,165,21,134,10,21,12,5,4,12.73%,44.26%,33.33%,54.43%,57.14%,3.73%,40%,,2024-12-18
773,5 Dec 2024,157,33,117,7,25,5,14,6,15.92%,43.66%,33.33%,53.63%,15.15%,11.97%,85.71%,,2024-12-18
774,6 Dec 2024,142,25,106,11,21,8,5,8,14.79%,43.09%,32.43%,52.96%,32%,4.72%,72.73%,,2024-12-18
775,7 Dec 2024,132,22,96,14,31,9,13,9,23.48%,50.63%,39.16%,61.51%,40.91%,13.54%,64.29%,,2024-12-18
776,8 Dec 2024,485,387,91,7,54,39,14,1,11.13%,44.19%,33.33%,54.55%,10.08%,15.38%,14.29%,,2024-12-18
777,9 Dec 2024,"1,959","1,847",103,9,173,154,16,3,8.83%,47.44%,35.71%,58.19%,8.34%,15.53%,33.33%,,2024-12-18
778,10 Dec 2024,"2,377","2,251",107,19,198,175,15,8,8.33%,44.12%,33.33%,53.95%,7.77%,14.02%,42.11%,,2024-12-18
779,11 Dec 2024,"2,540","2,411",118,11,195,178,14,3,7.68%,43.75%,32.86%,53.85%,7.38%,11.86%,27.27%,,2024-12-18
780,12 Dec 2024,"2,422","2,238",166,18,198,177,15,6,8.18%,43.92%,33.32%,54.35%,7.91%,9.04%,33.33%,,2024-12-18
781,13 Dec 2024,"3,128","2,970",148,10,183,166,14,3,5.85%,43.75%,33.06%,53.85%,5.59%,9.46%,30%,,2024-12-18
