,Date,"User acquisition (All users, All events, Per interval, Daily): All countries / regions",Notes,pull_date
0,25 Oct 2022,0,Roll-out of release: Started roll-out of 3 (0.9.5) at 100%.,2024-12-18
1,26 Oct 2022,0,Roll-out of release: Started roll-out of 4 (0.9.6) at 100%.,2024-12-18
2,27 Oct 2022,0,,2024-12-18
3,28 Oct 2022,0,,2024-12-18
4,29 Oct 2022,3,,2024-12-18
5,30 Oct 2022,878,,2024-12-18
6,31 Oct 2022,975,,2024-12-18
7,1 Nov 2022,546,,2024-12-18
8,2 Nov 2022,273,,2024-12-18
9,3 Nov 2022,215,Roll-out of release: Started roll-out of 5 (0.9.7) at 100%.,2024-12-18
10,4 Nov 2022,243,,2024-12-18
11,5 Nov 2022,211,,2024-12-18
12,6 Nov 2022,231,Roll-out of release: Started roll-out of 7 (0.9.9) at 100%.,2024-12-18
13,7 Nov 2022,192,,2024-12-18
14,8 Nov 2022,173,,2024-12-18
15,9 Nov 2022,148,,2024-12-18
16,10 Nov 2022,81,,2024-12-18
17,11 Nov 2022,118,,2024-12-18
18,12 Nov 2022,138,,2024-12-18
19,13 Nov 2022,128,,2024-12-18
20,14 Nov 2022,120,Roll-out of release: Started roll-out of 8 (0.9.10) at 100%.,2024-12-18
21,15 Nov 2022,134,Roll-out of release: Started roll-out of 9 (0.9.10) at 100%. Roll-out of release: Started roll-out of 10 (0.9.10) at 100%.,2024-12-18
22,16 Nov 2022,103,,2024-12-18
23,17 Nov 2022,59,,2024-12-18
24,18 Nov 2022,70,,2024-12-18
25,19 Nov 2022,64,Roll-out of release: Started roll-out of 11 (0.9.11) at 100%.,2024-12-18
26,20 Nov 2022,227,,2024-12-18
27,21 Nov 2022,131,,2024-12-18
28,22 Nov 2022,51,Roll-out of release: Started roll-out of 12 (0.9.12) at 100%.,2024-12-18
29,23 Nov 2022,38,,2024-12-18
30,24 Nov 2022,74,,2024-12-18
31,25 Nov 2022,60,,2024-12-18
32,26 Nov 2022,40,,2024-12-18
33,27 Nov 2022,34,,2024-12-18
34,28 Nov 2022,53,,2024-12-18
35,29 Nov 2022,35,,2024-12-18
36,30 Nov 2022,83,,2024-12-18
37,1 Dec 2022,53,Roll-out of release: Started roll-out of 13 (0.9.13) at 100%.,2024-12-18
38,2 Dec 2022,58,,2024-12-18
39,3 Dec 2022,38,,2024-12-18
40,4 Dec 2022,46,,2024-12-18
41,5 Dec 2022,46,,2024-12-18
42,6 Dec 2022,55,,2024-12-18
43,7 Dec 2022,246,,2024-12-18
44,8 Dec 2022,278,,2024-12-18
45,9 Dec 2022,273,,2024-12-18
46,10 Dec 2022,99,,2024-12-18
47,11 Dec 2022,211,,2024-12-18
48,12 Dec 2022,353,,2024-12-18
49,13 Dec 2022,350,,2024-12-18
50,14 Dec 2022,194,,2024-12-18
51,15 Dec 2022,296,Roll-out of release: Started roll-out of 14 (0.9.14) at 100%.,2024-12-18
52,16 Dec 2022,145,,2024-12-18
53,17 Dec 2022,37,,2024-12-18
54,18 Dec 2022,34,,2024-12-18
55,19 Dec 2022,62,,2024-12-18
56,20 Dec 2022,26,,2024-12-18
57,21 Dec 2022,37,,2024-12-18
58,22 Dec 2022,52,,2024-12-18
59,23 Dec 2022,57,,2024-12-18
60,24 Dec 2022,33,,2024-12-18
61,25 Dec 2022,35,,2024-12-18
62,26 Dec 2022,61,,2024-12-18
63,27 Dec 2022,59,,2024-12-18
64,28 Dec 2022,44,,2024-12-18
65,29 Dec 2022,35,Roll-out of release: Started roll-out of 15 (0.9.15) at 100%.,2024-12-18
66,30 Dec 2022,57,,2024-12-18
67,31 Dec 2022,31,,2024-12-18
68,1 Jan 2023,49,,2024-12-18
69,2 Jan 2023,95,,2024-12-18
70,3 Jan 2023,127,,2024-12-18
71,4 Jan 2023,168,,2024-12-18
72,5 Jan 2023,168,Roll-out of release: Started roll-out of 16 (0.9.16) at 100%.,2024-12-18
73,6 Jan 2023,142,Roll-out of release: Started roll-out of 17 (0.9.17) at 100%.,2024-12-18
74,7 Jan 2023,208,,2024-12-18
75,8 Jan 2023,179,,2024-12-18
76,9 Jan 2023,348,,2024-12-18
77,10 Jan 2023,444,,2024-12-18
78,11 Jan 2023,527,Roll-out of release: Started roll-out of 19 (0.9.19) at 100%. Roll-out of release: Started roll-out of 20 (0.9.20) at 100%.,2024-12-18
79,12 Jan 2023,754,,2024-12-18
80,13 Jan 2023,773,,2024-12-18
81,14 Jan 2023,"1,001",,2024-12-18
82,15 Jan 2023,766,,2024-12-18
83,16 Jan 2023,258,,2024-12-18
84,17 Jan 2023,332,,2024-12-18
85,18 Jan 2023,36,,2024-12-18
86,19 Jan 2023,43,,2024-12-18
87,20 Jan 2023,53,,2024-12-18
88,21 Jan 2023,49,,2024-12-18
89,22 Jan 2023,779,,2024-12-18
90,23 Jan 2023,383,,2024-12-18
91,24 Jan 2023,356,,2024-12-18
92,25 Jan 2023,238,,2024-12-18
93,26 Jan 2023,187,,2024-12-18
94,27 Jan 2023,204,Roll-out of release: Started roll-out of 22 (0.9.22) at 100%.,2024-12-18
95,28 Jan 2023,213,,2024-12-18
96,29 Jan 2023,219,,2024-12-18
97,30 Jan 2023,212,Roll-out of release: Started roll-out of 24 (0.9.24) at 100%.,2024-12-18
98,31 Jan 2023,174,,2024-12-18
99,1 Feb 2023,196,Roll-out of release: Started roll-out of 25 (0.9.24) at 100%.,2024-12-18
100,2 Feb 2023,252,,2024-12-18
101,3 Feb 2023,242,,2024-12-18
102,4 Feb 2023,201,,2024-12-18
103,5 Feb 2023,191,,2024-12-18
104,6 Feb 2023,228,,2024-12-18
105,7 Feb 2023,206,,2024-12-18
106,8 Feb 2023,201,,2024-12-18
107,9 Feb 2023,202,,2024-12-18
108,10 Feb 2023,220,,2024-12-18
109,11 Feb 2023,237,,2024-12-18
110,12 Feb 2023,309,,2024-12-18
111,13 Feb 2023,302,,2024-12-18
112,14 Feb 2023,233,,2024-12-18
113,15 Feb 2023,263,,2024-12-18
114,16 Feb 2023,244,,2024-12-18
115,17 Feb 2023,254,,2024-12-18
116,18 Feb 2023,250,,2024-12-18
117,19 Feb 2023,183,Roll-out of release: Started roll-out of 26 (0.9.26) at 100%.,2024-12-18
118,20 Feb 2023,281,Roll-out of release: Started roll-out of 27 (0.9.27) at 100%.,2024-12-18
119,21 Feb 2023,205,Roll-out of release: Started roll-out of 28 (0.9.28) at 100%. Roll-out of release: Started roll-out of 29 (0.9.29) at 100%.,2024-12-18
120,22 Feb 2023,183,,2024-12-18
121,23 Feb 2023,198,,2024-12-18
122,24 Feb 2023,213,,2024-12-18
123,25 Feb 2023,203,,2024-12-18
124,26 Feb 2023,198,,2024-12-18
125,27 Feb 2023,203,,2024-12-18
126,28 Feb 2023,223,,2024-12-18
127,1 Mar 2023,204,,2024-12-18
128,2 Mar 2023,175,,2024-12-18
129,3 Mar 2023,192,,2024-12-18
130,4 Mar 2023,183,,2024-12-18
131,5 Mar 2023,169,,2024-12-18
132,6 Mar 2023,161,,2024-12-18
133,7 Mar 2023,185,,2024-12-18
134,8 Mar 2023,127,,2024-12-18
135,9 Mar 2023,186,,2024-12-18
136,10 Mar 2023,187,,2024-12-18
137,11 Mar 2023,191,,2024-12-18
138,12 Mar 2023,180,,2024-12-18
139,13 Mar 2023,163,Roll-out of release: Started roll-out of 30 (0.9.30) at 100%.,2024-12-18
140,14 Mar 2023,233,,2024-12-18
141,15 Mar 2023,400,,2024-12-18
142,16 Mar 2023,339,,2024-12-18
143,17 Mar 2023,378,,2024-12-18
144,18 Mar 2023,396,,2024-12-18
145,19 Mar 2023,382,,2024-12-18
146,20 Mar 2023,332,,2024-12-18
147,21 Mar 2023,351,,2024-12-18
148,22 Mar 2023,357,,2024-12-18
149,23 Mar 2023,352,,2024-12-18
150,24 Mar 2023,345,,2024-12-18
151,25 Mar 2023,337,,2024-12-18
152,26 Mar 2023,361,Roll-out of release: Started roll-out of 31 (0.9.31) at 100%.,2024-12-18
153,27 Mar 2023,331,,2024-12-18
154,28 Mar 2023,325,Roll-out of release: Started roll-out of 32 (0.9.31) at 100%.,2024-12-18
155,29 Mar 2023,316,,2024-12-18
156,30 Mar 2023,277,,2024-12-18
157,31 Mar 2023,252,,2024-12-18
158,1 Apr 2023,285,,2024-12-18
159,2 Apr 2023,267,,2024-12-18
160,3 Apr 2023,178,,2024-12-18
161,4 Apr 2023,218,,2024-12-18
162,5 Apr 2023,206,,2024-12-18
163,6 Apr 2023,182,Roll-out of release: Started roll-out of 33 (1.0.0) at 100%.,2024-12-18
164,7 Apr 2023,195,,2024-12-18
165,8 Apr 2023,248,,2024-12-18
166,9 Apr 2023,253,,2024-12-18
167,10 Apr 2023,160,,2024-12-18
168,11 Apr 2023,162,,2024-12-18
169,12 Apr 2023,145,,2024-12-18
170,13 Apr 2023,192,,2024-12-18
171,14 Apr 2023,206,,2024-12-18
172,15 Apr 2023,244,,2024-12-18
173,16 Apr 2023,277,,2024-12-18
174,17 Apr 2023,349,,2024-12-18
175,18 Apr 2023,222,,2024-12-18
176,19 Apr 2023,276,,2024-12-18
177,20 Apr 2023,424,,2024-12-18
178,21 Apr 2023,370,,2024-12-18
179,22 Apr 2023,372,,2024-12-18
180,23 Apr 2023,242,,2024-12-18
181,24 Apr 2023,255,,2024-12-18
182,25 Apr 2023,311,,2024-12-18
183,26 Apr 2023,354,,2024-12-18
184,27 Apr 2023,361,,2024-12-18
185,28 Apr 2023,335,,2024-12-18
186,29 Apr 2023,370,,2024-12-18
187,30 Apr 2023,428,,2024-12-18
188,1 May 2023,334,,2024-12-18
189,2 May 2023,299,,2024-12-18
190,3 May 2023,256,,2024-12-18
191,4 May 2023,270,,2024-12-18
192,5 May 2023,301,Roll-out of release: Started roll-out of 45 (1.1.0) at 100%.,2024-12-18
193,6 May 2023,311,,2024-12-18
194,7 May 2023,331,,2024-12-18
195,8 May 2023,299,,2024-12-18
196,9 May 2023,282,,2024-12-18
197,10 May 2023,277,,2024-12-18
198,11 May 2023,157,,2024-12-18
199,12 May 2023,145,,2024-12-18
200,13 May 2023,180,,2024-12-18
201,14 May 2023,188,,2024-12-18
202,15 May 2023,356,,2024-12-18
203,16 May 2023,230,,2024-12-18
204,17 May 2023,256,,2024-12-18
205,18 May 2023,263,,2024-12-18
206,19 May 2023,245,,2024-12-18
207,20 May 2023,293,,2024-12-18
208,21 May 2023,274,,2024-12-18
209,22 May 2023,262,,2024-12-18
210,23 May 2023,222,,2024-12-18
211,24 May 2023,339,,2024-12-18
212,25 May 2023,351,,2024-12-18
213,26 May 2023,296,,2024-12-18
214,27 May 2023,353,,2024-12-18
215,28 May 2023,321,,2024-12-18
216,29 May 2023,335,,2024-12-18
217,30 May 2023,390,,2024-12-18
218,31 May 2023,369,,2024-12-18
219,1 Jun 2023,221,,2024-12-18
220,2 Jun 2023,172,,2024-12-18
221,3 Jun 2023,150,,2024-12-18
222,4 Jun 2023,138,,2024-12-18
223,5 Jun 2023,147,,2024-12-18
224,6 Jun 2023,185,,2024-12-18
225,7 Jun 2023,326,,2024-12-18
226,8 Jun 2023,494,,2024-12-18
227,9 Jun 2023,391,,2024-12-18
228,10 Jun 2023,467,,2024-12-18
229,11 Jun 2023,481,,2024-12-18
230,12 Jun 2023,439,,2024-12-18
231,13 Jun 2023,487,,2024-12-18
232,14 Jun 2023,430,,2024-12-18
233,15 Jun 2023,363,,2024-12-18
234,16 Jun 2023,416,,2024-12-18
235,17 Jun 2023,425,,2024-12-18
236,18 Jun 2023,458,,2024-12-18
237,19 Jun 2023,408,Roll-out of release: Started roll-out of 46 (1.2.0) at 100%.,2024-12-18
238,20 Jun 2023,310,,2024-12-18
239,21 Jun 2023,401,,2024-12-18
240,22 Jun 2023,322,,2024-12-18
241,23 Jun 2023,316,,2024-12-18
242,24 Jun 2023,373,,2024-12-18
243,25 Jun 2023,325,,2024-12-18
244,26 Jun 2023,406,,2024-12-18
245,27 Jun 2023,367,,2024-12-18
246,28 Jun 2023,338,,2024-12-18
247,29 Jun 2023,270,,2024-12-18
248,30 Jun 2023,298,,2024-12-18
249,1 Jul 2023,338,,2024-12-18
250,2 Jul 2023,392,,2024-12-18
251,3 Jul 2023,394,,2024-12-18
252,4 Jul 2023,362,,2024-12-18
253,5 Jul 2023,417,Roll-out of release: Started roll-out of 47 (1.2.1) at 100%.,2024-12-18
254,6 Jul 2023,331,,2024-12-18
255,7 Jul 2023,350,,2024-12-18
256,8 Jul 2023,312,,2024-12-18
257,9 Jul 2023,344,,2024-12-18
258,10 Jul 2023,379,,2024-12-18
259,11 Jul 2023,384,,2024-12-18
260,12 Jul 2023,390,,2024-12-18
261,13 Jul 2023,330,,2024-12-18
262,14 Jul 2023,355,,2024-12-18
263,15 Jul 2023,387,,2024-12-18
264,16 Jul 2023,292,,2024-12-18
265,17 Jul 2023,366,,2024-12-18
266,18 Jul 2023,341,,2024-12-18
267,19 Jul 2023,382,,2024-12-18
268,20 Jul 2023,349,,2024-12-18
269,21 Jul 2023,419,,2024-12-18
270,22 Jul 2023,360,,2024-12-18
271,23 Jul 2023,378,,2024-12-18
272,24 Jul 2023,358,,2024-12-18
273,25 Jul 2023,321,,2024-12-18
274,26 Jul 2023,331,,2024-12-18
275,27 Jul 2023,468,,2024-12-18
276,28 Jul 2023,381,,2024-12-18
277,29 Jul 2023,436,,2024-12-18
278,30 Jul 2023,434,,2024-12-18
279,31 Jul 2023,402,,2024-12-18
280,1 Aug 2023,393,,2024-12-18
281,2 Aug 2023,371,,2024-12-18
282,3 Aug 2023,346,,2024-12-18
283,4 Aug 2023,440,,2024-12-18
284,5 Aug 2023,458,,2024-12-18
285,6 Aug 2023,478,,2024-12-18
286,7 Aug 2023,647,,2024-12-18
287,8 Aug 2023,536,,2024-12-18
288,9 Aug 2023,481,,2024-12-18
289,10 Aug 2023,602,,2024-12-18
290,11 Aug 2023,571,,2024-12-18
291,12 Aug 2023,582,,2024-12-18
292,13 Aug 2023,527,,2024-12-18
293,14 Aug 2023,627,Roll-out of release: Started roll-out of 48 (1.3.0) at 100%.,2024-12-18
294,15 Aug 2023,647,,2024-12-18
295,16 Aug 2023,568,,2024-12-18
296,17 Aug 2023,579,,2024-12-18
297,18 Aug 2023,654,,2024-12-18
298,19 Aug 2023,667,,2024-12-18
299,20 Aug 2023,574,,2024-12-18
300,21 Aug 2023,592,,2024-12-18
301,22 Aug 2023,527,,2024-12-18
302,23 Aug 2023,554,,2024-12-18
303,24 Aug 2023,487,,2024-12-18
304,25 Aug 2023,520,,2024-12-18
305,26 Aug 2023,461,,2024-12-18
306,27 Aug 2023,504,,2024-12-18
307,28 Aug 2023,528,,2024-12-18
308,29 Aug 2023,400,Roll-out of release: Started roll-out of 49 (1.3.1) at 100%.,2024-12-18
309,30 Aug 2023,516,,2024-12-18
310,31 Aug 2023,416,,2024-12-18
311,1 Sept 2023,534,,2024-12-18
312,2 Sept 2023,479,,2024-12-18
313,3 Sept 2023,555,,2024-12-18
314,4 Sept 2023,687,,2024-12-18
315,5 Sept 2023,626,Roll-out of release: Started roll-out of 51 (1.4.0) at 100%.,2024-12-18
316,6 Sept 2023,620,,2024-12-18
317,7 Sept 2023,645,,2024-12-18
318,8 Sept 2023,678,,2024-12-18
319,9 Sept 2023,656,,2024-12-18
320,10 Sept 2023,505,,2024-12-18
321,11 Sept 2023,562,,2024-12-18
322,12 Sept 2023,425,,2024-12-18
323,13 Sept 2023,272,,2024-12-18
324,14 Sept 2023,227,,2024-12-18
325,15 Sept 2023,220,,2024-12-18
326,16 Sept 2023,270,,2024-12-18
327,17 Sept 2023,259,,2024-12-18
328,18 Sept 2023,284,Roll-out of release: Started roll-out of 53 (1.4.1) at 100%.,2024-12-18
329,19 Sept 2023,255,Roll-out of release: Started roll-out of 54 (1.4.1) at 100%.,2024-12-18
330,20 Sept 2023,230,,2024-12-18
331,21 Sept 2023,296,,2024-12-18
332,22 Sept 2023,299,,2024-12-18
333,23 Sept 2023,437,,2024-12-18
334,24 Sept 2023,405,,2024-12-18
335,25 Sept 2023,424,Roll-out of release: Started roll-out of 55 (1.4.2) at 100%.,2024-12-18
336,26 Sept 2023,438,,2024-12-18
337,27 Sept 2023,378,,2024-12-18
338,28 Sept 2023,440,,2024-12-18
339,29 Sept 2023,411,,2024-12-18
340,30 Sept 2023,440,,2024-12-18
341,1 Oct 2023,396,,2024-12-18
342,2 Oct 2023,351,,2024-12-18
343,3 Oct 2023,292,,2024-12-18
344,4 Oct 2023,292,,2024-12-18
345,5 Oct 2023,329,,2024-12-18
346,6 Oct 2023,325,,2024-12-18
347,7 Oct 2023,366,,2024-12-18
348,8 Oct 2023,351,Roll-out of release: Started roll-out of 56 (1.4.3) at 100%.,2024-12-18
349,9 Oct 2023,396,,2024-12-18
350,10 Oct 2023,375,,2024-12-18
351,11 Oct 2023,405,,2024-12-18
352,12 Oct 2023,353,,2024-12-18
353,13 Oct 2023,389,,2024-12-18
354,14 Oct 2023,363,,2024-12-18
355,15 Oct 2023,350,,2024-12-18
356,16 Oct 2023,468,,2024-12-18
357,17 Oct 2023,461,,2024-12-18
358,18 Oct 2023,463,,2024-12-18
359,19 Oct 2023,433,,2024-12-18
360,20 Oct 2023,551,,2024-12-18
361,21 Oct 2023,575,,2024-12-18
362,22 Oct 2023,515,,2024-12-18
363,23 Oct 2023,529,,2024-12-18
364,24 Oct 2023,475,,2024-12-18
365,25 Oct 2023,469,Roll-out of release: Started roll-out of 57 (1.4.4) at 100%.,2024-12-18
366,26 Oct 2023,647,,2024-12-18
367,27 Oct 2023,486,,2024-12-18
368,28 Oct 2023,552,,2024-12-18
369,29 Oct 2023,580,,2024-12-18
370,30 Oct 2023,445,,2024-12-18
371,31 Oct 2023,493,,2024-12-18
372,1 Nov 2023,499,,2024-12-18
373,2 Nov 2023,641,,2024-12-18
374,3 Nov 2023,621,,2024-12-18
375,4 Nov 2023,591,,2024-12-18
376,5 Nov 2023,553,,2024-12-18
377,6 Nov 2023,530,,2024-12-18
378,7 Nov 2023,564,,2024-12-18
379,8 Nov 2023,500,,2024-12-18
380,9 Nov 2023,524,Roll-out of release: Started roll-out of 58 (1.4.5) at 100%.,2024-12-18
381,10 Nov 2023,468,,2024-12-18
382,11 Nov 2023,467,,2024-12-18
383,12 Nov 2023,425,,2024-12-18
384,13 Nov 2023,473,,2024-12-18
385,14 Nov 2023,503,,2024-12-18
386,15 Nov 2023,"1,075",,2024-12-18
387,16 Nov 2023,907,,2024-12-18
388,17 Nov 2023,"1,235",,2024-12-18
389,18 Nov 2023,"1,046",,2024-12-18
390,19 Nov 2023,"1,059",,2024-12-18
391,20 Nov 2023,"1,269",,2024-12-18
392,21 Nov 2023,"1,371",,2024-12-18
393,22 Nov 2023,894,,2024-12-18
394,23 Nov 2023,785,Roll-out of release: Started roll-out of 59 (1.4.6) at 100%.,2024-12-18
395,24 Nov 2023,756,,2024-12-18
396,25 Nov 2023,753,,2024-12-18
397,26 Nov 2023,677,,2024-12-18
398,27 Nov 2023,781,,2024-12-18
399,28 Nov 2023,788,,2024-12-18
400,29 Nov 2023,796,,2024-12-18
401,30 Nov 2023,750,,2024-12-18
402,1 Dec 2023,682,,2024-12-18
403,2 Dec 2023,621,,2024-12-18
404,3 Dec 2023,588,,2024-12-18
405,4 Dec 2023,711,,2024-12-18
406,5 Dec 2023,654,,2024-12-18
407,6 Dec 2023,528,,2024-12-18
408,7 Dec 2023,557,,2024-12-18
409,8 Dec 2023,603,Roll-out of release: Started roll-out of 60 (1.5.0) at 100%.,2024-12-18
410,9 Dec 2023,521,,2024-12-18
411,10 Dec 2023,460,,2024-12-18
412,11 Dec 2023,563,,2024-12-18
413,12 Dec 2023,525,,2024-12-18
414,13 Dec 2023,590,,2024-12-18
415,14 Dec 2023,716,,2024-12-18
416,15 Dec 2023,653,,2024-12-18
417,16 Dec 2023,692,,2024-12-18
418,17 Dec 2023,730,,2024-12-18
419,18 Dec 2023,754,,2024-12-18
420,19 Dec 2023,904,,2024-12-18
421,20 Dec 2023,773,,2024-12-18
422,21 Dec 2023,793,,2024-12-18
423,22 Dec 2023,795,,2024-12-18
424,23 Dec 2023,790,,2024-12-18
425,24 Dec 2023,867,,2024-12-18
426,25 Dec 2023,844,,2024-12-18
427,26 Dec 2023,808,,2024-12-18
428,27 Dec 2023,827,,2024-12-18
429,28 Dec 2023,792,,2024-12-18
430,29 Dec 2023,678,,2024-12-18
431,30 Dec 2023,723,,2024-12-18
432,31 Dec 2023,922,,2024-12-18
433,1 Jan 2024,848,,2024-12-18
434,2 Jan 2024,885,,2024-12-18
435,3 Jan 2024,859,,2024-12-18
436,4 Jan 2024,839,,2024-12-18
437,5 Jan 2024,729,Roll-out of release: Started roll-out of 61 (1.6.0) at 20%.,2024-12-18
438,6 Jan 2024,"1,336",,2024-12-18
439,7 Jan 2024,963,Roll-out of release: Increased roll-out of 61 (1.6.0) to 100%.,2024-12-18
440,8 Jan 2024,429,Roll-out of release: Started roll-out of 62 (1.6.1) at 100%.,2024-12-18
441,9 Jan 2024,552,,2024-12-18
442,10 Jan 2024,842,,2024-12-18
443,11 Jan 2024,643,,2024-12-18
444,12 Jan 2024,607,,2024-12-18
445,13 Jan 2024,716,,2024-12-18
446,14 Jan 2024,740,,2024-12-18
447,15 Jan 2024,716,,2024-12-18
448,16 Jan 2024,703,,2024-12-18
449,17 Jan 2024,691,,2024-12-18
450,18 Jan 2024,674,,2024-12-18
451,19 Jan 2024,682,Roll-out of release: Started roll-out of 63 (1.6.2) at 100%.,2024-12-18
452,20 Jan 2024,784,,2024-12-18
453,21 Jan 2024,771,,2024-12-18
454,22 Jan 2024,"1,002",,2024-12-18
455,23 Jan 2024,897,,2024-12-18
456,24 Jan 2024,908,,2024-12-18
457,25 Jan 2024,"1,048",,2024-12-18
458,26 Jan 2024,"1,051",,2024-12-18
459,27 Jan 2024,"1,268",,2024-12-18
460,28 Jan 2024,"1,232",,2024-12-18
461,29 Jan 2024,"1,081",,2024-12-18
462,30 Jan 2024,"1,906",,2024-12-18
463,31 Jan 2024,"2,204",,2024-12-18
464,1 Feb 2024,566,,2024-12-18
465,2 Feb 2024,966,,2024-12-18
466,3 Feb 2024,"1,140",,2024-12-18
467,4 Feb 2024,"1,018",,2024-12-18
468,5 Feb 2024,938,Roll-out of release: Started roll-out of 64 (1.6.3) at 100%.,2024-12-18
469,6 Feb 2024,942,,2024-12-18
470,7 Feb 2024,"1,015",,2024-12-18
471,8 Feb 2024,948,,2024-12-18
472,9 Feb 2024,961,,2024-12-18
473,10 Feb 2024,728,,2024-12-18
474,11 Feb 2024,955,,2024-12-18
475,12 Feb 2024,912,,2024-12-18
476,13 Feb 2024,927,,2024-12-18
477,14 Feb 2024,949,,2024-12-18
478,15 Feb 2024,935,,2024-12-18
479,16 Feb 2024,937,,2024-12-18
480,17 Feb 2024,993,,2024-12-18
481,18 Feb 2024,957,,2024-12-18
482,19 Feb 2024,985,,2024-12-18
483,20 Feb 2024,"1,030",,2024-12-18
484,21 Feb 2024,"1,161",,2024-12-18
485,22 Feb 2024,"1,138",,2024-12-18
486,23 Feb 2024,911,Roll-out of release: Started roll-out of 65 (1.6.4) at 20%. Roll-out of release: Increased roll-out of 65 (1.6.4) to 100%.,2024-12-18
487,24 Feb 2024,947,,2024-12-18
488,25 Feb 2024,834,,2024-12-18
489,26 Feb 2024,870,,2024-12-18
490,27 Feb 2024,"1,007",,2024-12-18
491,28 Feb 2024,"1,143",,2024-12-18
492,29 Feb 2024,"1,230",,2024-12-18
493,1 Mar 2024,844,,2024-12-18
494,2 Mar 2024,591,,2024-12-18
495,3 Mar 2024,686,,2024-12-18
496,4 Mar 2024,986,,2024-12-18
497,5 Mar 2024,979,,2024-12-18
498,6 Mar 2024,"1,154",,2024-12-18
499,7 Mar 2024,"1,044",,2024-12-18
500,8 Mar 2024,"1,065",,2024-12-18
501,9 Mar 2024,"1,036",Roll-out of release: Started roll-out of 66 (1.6.5) at 100%.,2024-12-18
502,10 Mar 2024,985,,2024-12-18
503,11 Mar 2024,"1,163",,2024-12-18
504,12 Mar 2024,942,,2024-12-18
505,13 Mar 2024,747,,2024-12-18
506,14 Mar 2024,824,,2024-12-18
507,15 Mar 2024,"1,161",Roll-out of release: Started roll-out of 67 (1.6.5) at 20%.,2024-12-18
508,16 Mar 2024,"1,097",Roll-out of release: Halted roll-out of 67 (1.6.5).,2024-12-18
509,17 Mar 2024,993,,2024-12-18
510,18 Mar 2024,"1,014",,2024-12-18
511,19 Mar 2024,"1,052",,2024-12-18
512,20 Mar 2024,"1,076",,2024-12-18
513,21 Mar 2024,"1,052",,2024-12-18
514,22 Mar 2024,"1,048",,2024-12-18
515,23 Mar 2024,"1,166",,2024-12-18
516,24 Mar 2024,"1,051",,2024-12-18
517,25 Mar 2024,"1,052",,2024-12-18
518,26 Mar 2024,"1,053",,2024-12-18
519,27 Mar 2024,"1,012",,2024-12-18
520,28 Mar 2024,"1,091",,2024-12-18
521,29 Mar 2024,"1,097",,2024-12-18
522,30 Mar 2024,"1,153",Roll-out of release: Started roll-out of 70 (1.6.6) at 100%.,2024-12-18
523,31 Mar 2024,"1,205",,2024-12-18
524,1 Apr 2024,"1,104",,2024-12-18
525,2 Apr 2024,954,,2024-12-18
526,3 Apr 2024,823,,2024-12-18
527,4 Apr 2024,754,,2024-12-18
528,5 Apr 2024,717,,2024-12-18
529,6 Apr 2024,679,,2024-12-18
530,7 Apr 2024,776,,2024-12-18
531,8 Apr 2024,706,,2024-12-18
532,9 Apr 2024,488,,2024-12-18
533,10 Apr 2024,741,,2024-12-18
534,11 Apr 2024,740,,2024-12-18
535,12 Apr 2024,750,,2024-12-18
536,13 Apr 2024,663,,2024-12-18
537,14 Apr 2024,737,,2024-12-18
538,15 Apr 2024,813,,2024-12-18
539,16 Apr 2024,902,,2024-12-18
540,17 Apr 2024,903,,2024-12-18
541,18 Apr 2024,899,,2024-12-18
542,19 Apr 2024,"1,114",Roll-out of release: Started roll-out of 71 (1.6.7) at 20%. Roll-out of release: Increased roll-out of 71 (1.6.7) to 100%.,2024-12-18
543,20 Apr 2024,"1,199",Roll-out of release: Started roll-out of 72 (1.6.7) at 100%.,2024-12-18
544,21 Apr 2024,"1,085",,2024-12-18
545,22 Apr 2024,"1,152",,2024-12-18
546,23 Apr 2024,"1,098",,2024-12-18
547,24 Apr 2024,"1,014",,2024-12-18
548,25 Apr 2024,955,,2024-12-18
549,26 Apr 2024,"1,112",,2024-12-18
550,27 Apr 2024,"1,034",,2024-12-18
551,28 Apr 2024,887,,2024-12-18
552,29 Apr 2024,912,,2024-12-18
553,30 Apr 2024,"1,063",,2024-12-18
554,1 May 2024,843,,2024-12-18
555,2 May 2024,768,,2024-12-18
556,3 May 2024,785,,2024-12-18
557,4 May 2024,892,Roll-out of release: Started roll-out of 73 (1.7.0) at 100%.,2024-12-18
558,5 May 2024,728,,2024-12-18
559,6 May 2024,802,,2024-12-18
560,7 May 2024,842,,2024-12-18
561,8 May 2024,930,,2024-12-18
562,9 May 2024,982,,2024-12-18
563,10 May 2024,860,,2024-12-18
564,11 May 2024,906,,2024-12-18
565,12 May 2024,740,,2024-12-18
566,13 May 2024,827,,2024-12-18
567,14 May 2024,904,,2024-12-18
568,15 May 2024,881,,2024-12-18
569,16 May 2024,866,,2024-12-18
570,17 May 2024,841,,2024-12-18
571,18 May 2024,793,,2024-12-18
572,19 May 2024,761,,2024-12-18
573,20 May 2024,737,,2024-12-18
574,21 May 2024,786,,2024-12-18
575,22 May 2024,849,,2024-12-18
576,23 May 2024,820,,2024-12-18
577,24 May 2024,776,,2024-12-18
578,25 May 2024,787,,2024-12-18
579,26 May 2024,745,,2024-12-18
580,27 May 2024,792,Roll-out of release: Started roll-out of 74 (1.8.0) at 20%. Roll-out of release: Increased roll-out of 74 (1.8.0) to 100%.,2024-12-18
581,28 May 2024,713,,2024-12-18
582,29 May 2024,721,Roll-out of release: Started roll-out of 75 (1.8.0) at 100%.,2024-12-18
583,30 May 2024,730,,2024-12-18
584,31 May 2024,776,Roll-out of release: Started roll-out of 76 (1.8.0) at 100%.,2024-12-18
585,1 Jun 2024,798,,2024-12-18
586,2 Jun 2024,829,,2024-12-18
587,3 Jun 2024,761,,2024-12-18
588,4 Jun 2024,766,,2024-12-18
589,5 Jun 2024,816,,2024-12-18
590,6 Jun 2024,772,,2024-12-18
591,7 Jun 2024,903,,2024-12-18
592,8 Jun 2024,958,,2024-12-18
593,9 Jun 2024,904,Roll-out of release: Started roll-out of 77 (1.8.1) at 20%. Roll-out of release: Increased roll-out of 77 (1.8.1) to 100%.,2024-12-18
594,10 Jun 2024,852,,2024-12-18
595,11 Jun 2024,791,,2024-12-18
596,12 Jun 2024,799,,2024-12-18
597,13 Jun 2024,807,,2024-12-18
598,14 Jun 2024,804,,2024-12-18
599,15 Jun 2024,821,,2024-12-18
600,16 Jun 2024,808,,2024-12-18
601,17 Jun 2024,830,,2024-12-18
602,18 Jun 2024,876,,2024-12-18
603,19 Jun 2024,819,,2024-12-18
604,20 Jun 2024,810,,2024-12-18
605,21 Jun 2024,798,,2024-12-18
606,22 Jun 2024,844,,2024-12-18
607,23 Jun 2024,793,,2024-12-18
608,24 Jun 2024,796,,2024-12-18
609,25 Jun 2024,815,Roll-out of release: Started roll-out of 78 (1.8.2) at 100%.,2024-12-18
610,26 Jun 2024,681,,2024-12-18
611,27 Jun 2024,738,,2024-12-18
612,28 Jun 2024,712,,2024-12-18
613,29 Jun 2024,735,,2024-12-18
614,30 Jun 2024,746,,2024-12-18
615,1 Jul 2024,774,,2024-12-18
616,2 Jul 2024,755,,2024-12-18
617,3 Jul 2024,769,,2024-12-18
618,4 Jul 2024,730,,2024-12-18
619,5 Jul 2024,736,,2024-12-18
620,6 Jul 2024,755,,2024-12-18
621,7 Jul 2024,696,,2024-12-18
622,8 Jul 2024,424,Roll-out of release: Started roll-out of 79 (1.8.3) at 20%. Roll-out of release: Increased roll-out of 79 (1.8.3) to 100%.,2024-12-18
623,9 Jul 2024,926,,2024-12-18
624,10 Jul 2024,745,,2024-12-18
625,11 Jul 2024,743,,2024-12-18
626,12 Jul 2024,727,,2024-12-18
627,13 Jul 2024,744,,2024-12-18
628,14 Jul 2024,691,,2024-12-18
629,15 Jul 2024,701,,2024-12-18
630,16 Jul 2024,716,,2024-12-18
631,17 Jul 2024,669,,2024-12-18
632,18 Jul 2024,770,,2024-12-18
633,19 Jul 2024,698,,2024-12-18
634,20 Jul 2024,754,,2024-12-18
635,21 Jul 2024,702,,2024-12-18
636,22 Jul 2024,716,,2024-12-18
637,23 Jul 2024,748,,2024-12-18
638,24 Jul 2024,693,,2024-12-18
639,25 Jul 2024,704,,2024-12-18
640,26 Jul 2024,712,,2024-12-18
641,27 Jul 2024,694,,2024-12-18
642,28 Jul 2024,653,,2024-12-18
643,29 Jul 2024,689,,2024-12-18
644,30 Jul 2024,701,,2024-12-18
645,31 Jul 2024,761,,2024-12-18
646,1 Aug 2024,696,,2024-12-18
647,2 Aug 2024,722,,2024-12-18
648,3 Aug 2024,798,,2024-12-18
649,4 Aug 2024,694,,2024-12-18
650,5 Aug 2024,688,,2024-12-18
651,6 Aug 2024,657,,2024-12-18
652,7 Aug 2024,677,,2024-12-18
653,8 Aug 2024,374,,2024-12-18
654,9 Aug 2024,47,,2024-12-18
655,10 Aug 2024,31,,2024-12-18
656,11 Aug 2024,25,,2024-12-18
657,12 Aug 2024,33,,2024-12-18
658,13 Aug 2024,39,,2024-12-18
659,14 Aug 2024,42,,2024-12-18
660,15 Aug 2024,49,Roll-out of release: Started roll-out of 80 (1.9.0) at 100%.,2024-12-18
661,16 Aug 2024,72,,2024-12-18
662,17 Aug 2024,224,,2024-12-18
663,18 Aug 2024,290,,2024-12-18
664,19 Aug 2024,255,,2024-12-18
665,20 Aug 2024,247,,2024-12-18
666,21 Aug 2024,283,,2024-12-18
667,22 Aug 2024,305,,2024-12-18
668,23 Aug 2024,357,,2024-12-18
669,24 Aug 2024,395,,2024-12-18
670,25 Aug 2024,343,,2024-12-18
671,26 Aug 2024,324,,2024-12-18
672,27 Aug 2024,349,,2024-12-18
673,28 Aug 2024,328,,2024-12-18
674,29 Aug 2024,336,,2024-12-18
675,30 Aug 2024,350,,2024-12-18
676,31 Aug 2024,314,,2024-12-18
677,1 Sept 2024,779,,2024-12-18
678,2 Sept 2024,705,,2024-12-18
679,3 Sept 2024,615,,2024-12-18
680,4 Sept 2024,581,,2024-12-18
681,5 Sept 2024,625,,2024-12-18
682,6 Sept 2024,649,,2024-12-18
683,7 Sept 2024,658,,2024-12-18
684,8 Sept 2024,614,,2024-12-18
685,9 Sept 2024,739,,2024-12-18
686,10 Sept 2024,639,,2024-12-18
687,11 Sept 2024,663,,2024-12-18
688,12 Sept 2024,702,Roll-out of release: Started roll-out of 81 (1.9.1) at 100%.,2024-12-18
689,13 Sept 2024,668,,2024-12-18
690,14 Sept 2024,633,,2024-12-18
691,15 Sept 2024,642,,2024-12-18
692,16 Sept 2024,591,,2024-12-18
693,17 Sept 2024,557,,2024-12-18
694,18 Sept 2024,646,,2024-12-18
695,19 Sept 2024,777,,2024-12-18
696,20 Sept 2024,617,,2024-12-18
697,21 Sept 2024,647,,2024-12-18
698,22 Sept 2024,607,,2024-12-18
699,23 Sept 2024,563,,2024-12-18
700,24 Sept 2024,586,,2024-12-18
701,25 Sept 2024,612,,2024-12-18
702,26 Sept 2024,549,,2024-12-18
703,27 Sept 2024,534,,2024-12-18
704,28 Sept 2024,516,,2024-12-18
705,29 Sept 2024,600,,2024-12-18
706,30 Sept 2024,524,,2024-12-18
707,1 Oct 2024,608,Roll-out of release: Started roll-out of 83 (1.9.2) at 100%.,2024-12-18
708,2 Oct 2024,619,,2024-12-18
709,3 Oct 2024,561,,2024-12-18
710,4 Oct 2024,619,,2024-12-18
711,5 Oct 2024,627,,2024-12-18
712,6 Oct 2024,560,,2024-12-18
713,7 Oct 2024,572,,2024-12-18
714,8 Oct 2024,643,,2024-12-18
715,9 Oct 2024,619,,2024-12-18
716,10 Oct 2024,604,,2024-12-18
717,11 Oct 2024,541,,2024-12-18
718,12 Oct 2024,761,,2024-12-18
719,13 Oct 2024,679,,2024-12-18
720,14 Oct 2024,757,,2024-12-18
721,15 Oct 2024,718,,2024-12-18
722,16 Oct 2024,709,,2024-12-18
723,17 Oct 2024,703,,2024-12-18
724,18 Oct 2024,732,,2024-12-18
725,19 Oct 2024,773,,2024-12-18
726,20 Oct 2024,723,,2024-12-18
727,21 Oct 2024,663,,2024-12-18
728,22 Oct 2024,707,,2024-12-18
729,23 Oct 2024,666,,2024-12-18
730,24 Oct 2024,679,,2024-12-18
731,25 Oct 2024,636,,2024-12-18
732,26 Oct 2024,565,,2024-12-18
733,27 Oct 2024,498,,2024-12-18
734,28 Oct 2024,543,Roll-out of release: Started roll-out of 84 (1.10.1) at 100%.,2024-12-18
735,29 Oct 2024,526,Roll-out of release: Started roll-out of 85 (1.10.1) at 20%. Roll-out of release: Increased roll-out of 85 (1.10.1) to 100%.,2024-12-18
736,30 Oct 2024,570,,2024-12-18
737,31 Oct 2024,770,,2024-12-18
738,1 Nov 2024,635,,2024-12-18
739,2 Nov 2024,789,,2024-12-18
740,3 Nov 2024,810,,2024-12-18
741,4 Nov 2024,785,,2024-12-18
742,5 Nov 2024,770,,2024-12-18
743,6 Nov 2024,732,,2024-12-18
744,7 Nov 2024,723,,2024-12-18
745,8 Nov 2024,662,,2024-12-18
746,9 Nov 2024,756,,2024-12-18
747,10 Nov 2024,696,,2024-12-18
748,11 Nov 2024,629,,2024-12-18
749,12 Nov 2024,636,,2024-12-18
750,13 Nov 2024,742,,2024-12-18
751,14 Nov 2024,674,,2024-12-18
752,15 Nov 2024,731,,2024-12-18
753,16 Nov 2024,665,,2024-12-18
754,17 Nov 2024,591,,2024-12-18
755,18 Nov 2024,115,,2024-12-18
756,19 Nov 2024,88,,2024-12-18
757,20 Nov 2024,72,,2024-12-18
758,21 Nov 2024,69,,2024-12-18
759,22 Nov 2024,68,,2024-12-18
760,23 Nov 2024,63,,2024-12-18
761,24 Nov 2024,57,,2024-12-18
762,25 Nov 2024,36,,2024-12-18
763,26 Nov 2024,55,,2024-12-18
764,27 Nov 2024,64,,2024-12-18
765,28 Nov 2024,45,,2024-12-18
766,29 Nov 2024,51,,2024-12-18
767,30 Nov 2024,39,,2024-12-18
768,1 Dec 2024,54,,2024-12-18
769,2 Dec 2024,44,,2024-12-18
770,3 Dec 2024,37,,2024-12-18
771,4 Dec 2024,50,,2024-12-18
772,5 Dec 2024,57,,2024-12-18
773,6 Dec 2024,53,,2024-12-18
774,7 Dec 2024,51,,2024-12-18
775,8 Dec 2024,82,,2024-12-18
776,9 Dec 2024,245,,2024-12-18
777,10 Dec 2024,265,,2024-12-18
778,11 Dec 2024,291,,2024-12-18
779,12 Dec 2024,293,,2024-12-18
780,13 Dec 2024,264,,2024-12-18
781,14 Dec 2024,350,,2024-12-18
782,15 Dec 2024,313,,2024-12-18
783,16 Dec 2024,347,,2024-12-18
784,17 Dec 2024,194,,2024-12-18
